name,set,collector_number,foil,variant,rarity
Doomskar,KHM,9,1,2015 Frame,R
Glorious Protector,KHM,12,0,2015 Frame,R
Glorious Protector,KHM,12,0,2015 Frame,R
"Reidane, God of the Worthy // Valkmira, Protector's Shield",KHM,21,0,2015 Frame,R
"Reidane, God of the Worthy // Valkmira, Protector's Shield",KHM,21,0,2015 Frame,R
Resplendent Marshal,KHM,22,0,2015 Frame,M
Righteous Valkyrie,KHM,24,0,2015 Frame,R
Righteous Valkyrie,KHM,24,0,2015 Frame,R
Search for Glory,KHM,27,0,2015 Frame,R
Search for Glory,KHM,27,0,2015 Frame,R
"Sigrid, God-Favored",KHM,29,0,2015 Frame,R
"Cosima, God of the Voyage // The Omenkeel",KHM,50,0,2015 Frame,R
Cosmos Charger,KHM,51,0,2015 Frame,R
Graven Lore,KHM,61,0,2015 Frame,R
Icebreaker Kraken,KHM,63,0,2015 Frame,R
Mystic Reflection,KHM,69,0,2015 Frame,R
"Orvar, the All-Form",KHM,70,0,2015 Frame,M
Blood on the Snow,KHM,79,0,2015 Frame,R
Crippling Fear,KHM,82,0,2015 Frame,R
Draugr Necromancer,KHM,86,0,2015 Frame,R
Draugr Necromancer,KHM,86,0,2015 Frame,R
"Egon, God of Death // Throne of Death",KHM,92,0,2015 Frame,R
"Tergrid, God of Fright // Tergrid's Lantern",KHM,112,0,2015 Frame,R
"Varragoth, Bloodsky Sire",KHM,115,0,2015 Frame,R
Arni Brokenbrow,KHM,120,0,2015 Frame,R
"Birgi, God of Storytelling // Harnfel, Horn of Bounty",KHM,123,0,2015 Frame,R
Calamity Bearer,KHM,125,0,2015 Frame,R
Dragonkin Berserker,KHM,131,0,2015 Frame,R
Goldspan Dragon,KHM,139,1,2015 Frame,M
"Magda, Brazen Outlaw",KHM,142,0,2015 Frame,R
Reckless Crew,KHM,146,0,2015 Frame,R
Tibalt's Trickery,KHM,153,0,2015 Frame,R
"Toralf, God of Fury // Toralf's Hammer",KHM,154,0,2015 Frame,M
Tundra Fumarole,KHM,156,0,2015 Frame,R
Blessing of Frost,KHM,161,1,2015 Frame,R
"Esika, God of the Tree // The Prismatic Bridge",KHM,168,0,2015 Frame,R
"Jorn, God of Winter // Kaldring, the Rimestaff",KHM,179,0,2015 Frame,R
"Kolvori, God of Kinship // The Ringhart Crest",KHM,181,0,2015 Frame,R
Realmwalker,KHM,188,0,2015 Frame,R
"Toski, Bearer of Secrets",KHM,197,1,2015 Frame,R
Battle of Frost and Fire,KHM,204,0,2015 Frame,R
The Bears of Littjara,KHM,205,0,2015 Frame,R
Firja's Retribution,KHM,210,0,2015 Frame,R
Harald Unites the Elves,KHM,213,0,2015 Frame,R
Immersturm Predator,KHM,214,0,2015 Frame,R
Immersturm Predator,KHM,214,0,2015 Frame,R
King Narfi's Betrayal,KHM,219,1,2015 Frame,R
Niko Aris,KHM,225,0,2015 Frame,M
"Sarulf, Realm Eater",KHM,228,0,2015 Frame,R
Waking the Trolls,KHM,234,0,2015 Frame,R
Cosmos Elixir,KHM,237,1,2015 Frame,R
Barkchannel Pathway // Tidechannel Pathway,KHM,251,0,2015 Frame,R
Snow-Covered Plains,KHM,276,0,2015 Frame,R
Snow-Covered Plains,KHM,276,0,2015 Frame,R
Snow-Covered Plains,KHM,276,0,2015 Frame,R
Snow-Covered Plains,KHM,277,0,2015 Frame,R
Snow-Covered Plains,KHM,277,0,2015 Frame,R
Snow-Covered Plains,KHM,277,1,2015 Frame,R
Kaya the Inexorable,KHM,288,0,Borderless Art,M
Blightstep Pathway // Searstep Pathway,KHM,291,0,Alt-Art,R
Hengegate Pathway // Mistgate Pathway,KHM,293,0,Alt-Art,R
Esika's Chariot,KHM,315,0,Showcase,R
In Search of Greatness,KHM,364,0,2015 Frame,R
Valkyrie Harbinger,KHM,374,0,2015 Frame,R
Surtland Elementalist,KHM,375,0,2015 Frame,R
Surtland Flinger,KHM,377,0,2015 Frame,R
Canopy Tactician,KHM,378,0,2015 Frame,R
Axgard Braggart,KHM,1,0,2015 Frame,C
Battershield Warrior,KHM,2,0,2015 Frame,U
Battlefield Raptor,KHM,3,0,2015 Frame,C
Battlefield Raptor,KHM,3,0,2015 Frame,C
Beskir Shieldmate,KHM,4,0,2015 Frame,C
Beskir Shieldmate,KHM,4,0,2015 Frame,C
Bound in Gold,KHM,5,0,2015 Frame,C
Clarion Spirit,KHM,6,0,2015 Frame,U
Codespell Cleric,KHM,7,0,2015 Frame,C
Codespell Cleric,KHM,7,0,2015 Frame,C
Divine Gambit,KHM,8,0,2015 Frame,U
Doomskar Oracle,KHM,10,0,2015 Frame,C
Doomskar Oracle,KHM,10,0,2015 Frame,C
Giant Ox,KHM,11,0,2015 Frame,C
Giant Ox,KHM,11,0,2015 Frame,C
Gods' Hall Guardian,KHM,13,0,2015 Frame,C
Gods' Hall Guardian,KHM,13,0,2015 Frame,C
Goldmaw Champion,KHM,14,0,2015 Frame,C
Invoke the Divine,KHM,16,0,2015 Frame,C
Invoke the Divine,KHM,16,0,2015 Frame,C
Iron Verdict,KHM,17,0,2015 Frame,C
Iron Verdict,KHM,17,0,2015 Frame,C
Iron Verdict,KHM,17,1,2015 Frame,C
Kaya's Onslaught,KHM,18,0,2015 Frame,U
Kaya's Onslaught,KHM,18,0,2015 Frame,U
Master Skald,KHM,19,0,2015 Frame,C
Master Skald,KHM,19,0,2015 Frame,C
Master Skald,KHM,19,1,2015 Frame,C
Revitalize,KHM,23,0,2015 Frame,C
Revitalize,KHM,23,0,2015 Frame,C
Rune of Sustenance,KHM,25,0,2015 Frame,U
Shepherd of the Cosmos,KHM,28,0,2015 Frame,U
Spectral Steel,KHM,30,0,2015 Frame,U
Stalwart Valkyrie,KHM,31,0,2015 Frame,C
Stalwart Valkyrie,KHM,31,0,2015 Frame,C
Starnheim Courser,KHM,32,0,2015 Frame,C
Starnheim Courser,KHM,32,0,2015 Frame,C
Story Seeker,KHM,34,0,2015 Frame,C
Story Seeker,KHM,34,0,2015 Frame,C
Usher of the Fallen,KHM,35,0,2015 Frame,U
Valkyrie's Sword,KHM,36,0,2015 Frame,U
Valor of the Worthy,KHM,37,0,2015 Frame,C
Warhorn Blast,KHM,38,0,2015 Frame,C
Warhorn Blast,KHM,38,0,2015 Frame,C
Wings of the Cosmos,KHM,39,0,2015 Frame,C
Wings of the Cosmos,KHM,39,0,2015 Frame,C
Annul,KHM,42,0,2015 Frame,C
Annul,KHM,42,0,2015 Frame,C
Augury Raven,KHM,44,0,2015 Frame,C
Avalanche Caller,KHM,45,0,2015 Frame,U
Avalanche Caller,KHM,45,0,2015 Frame,U
Avalanche Caller,KHM,45,0,2015 Frame,U
Avalanche Caller,KHM,45,0,2015 Frame,U
Behold the Multiverse,KHM,46,0,2015 Frame,C
Berg Strider,KHM,47,0,2015 Frame,C
Bind the Monster,KHM,48,0,2015 Frame,C
Bind the Monster,KHM,48,0,2015 Frame,C
Bind the Monster,KHM,48,1,2015 Frame,C
Brinebarrow Intruder,KHM,49,0,2015 Frame,C
Brinebarrow Intruder,KHM,49,0,2015 Frame,C
Depart the Realm,KHM,53,0,2015 Frame,C
Depart the Realm,KHM,53,1,2015 Frame,C
Disdainful Stroke,KHM,54,0,2015 Frame,C
Disdainful Stroke,KHM,54,0,2015 Frame,C
Draugr Thought-Thief,KHM,55,0,2015 Frame,C
Draugr Thought-Thief,KHM,55,0,2015 Frame,C
Draugr Thought-Thief,KHM,55,0,2015 Frame,C
Frost Augur,KHM,56,0,2015 Frame,U
Frost Augur,KHM,56,0,2015 Frame,U
Frost Augur,KHM,56,0,2015 Frame,U
Frost Augur,KHM,56,0,2015 Frame,U
Frostpeak Yeti,KHM,57,1,2015 Frame,C
Frostpeak Yeti,KHM,57,0,2015 Frame,C
Frostpyre Arcanist,KHM,58,0,2015 Frame,U
Frostpyre Arcanist,KHM,58,0,2015 Frame,U
Frostpyre Arcanist,KHM,58,0,2015 Frame,U
Giant's Amulet,KHM,59,1,2015 Frame,U
Glimpse the Cosmos,KHM,60,0,2015 Frame,U
Glimpse the Cosmos,KHM,60,0,2015 Frame,U
Icebind Pillar,KHM,62,0,2015 Frame,U
Icebind Pillar,KHM,62,0,2015 Frame,U
Inga Rune-Eyes,KHM,64,0,2015 Frame,U
Inga Rune-Eyes,KHM,64,0,2015 Frame,U
Karfell Harbinger,KHM,65,0,2015 Frame,C
Karfell Harbinger,KHM,65,0,2015 Frame,C
Littjara Kinseekers,KHM,66,1,2015 Frame,C
Mists of Littjara,KHM,67,0,2015 Frame,C
Mists of Littjara,KHM,67,0,2015 Frame,C
Mistwalker,KHM,68,0,2015 Frame,C
Pilfering Hawk,KHM,71,0,2015 Frame,C
Pilfering Hawk,KHM,71,0,2015 Frame,C
Ravenform,KHM,72,0,2015 Frame,C
Run Ashore,KHM,74,0,2015 Frame,C
Run Ashore,KHM,74,0,2015 Frame,C
Run Ashore,KHM,74,0,2015 Frame,C
Run Ashore,KHM,74,1,2015 Frame,C
Rune of Flight,KHM,75,0,2015 Frame,U
Saw It Coming,KHM,76,0,2015 Frame,U
Saw It Coming,KHM,76,0,2015 Frame,U
Strategic Planning,KHM,77,0,2015 Frame,C
Strategic Planning,KHM,77,0,2015 Frame,C
Strategic Planning,KHM,77,1,2015 Frame,C
Undersea Invader,KHM,78,0,2015 Frame,C
Bloodsky Berserker,KHM,80,0,2015 Frame,U
Deathknell Berserker,KHM,83,1,2015 Frame,C
Demonic Gifts,KHM,84,0,2015 Frame,C
Dogged Pursuit,KHM,85,0,2015 Frame,C
Dogged Pursuit,KHM,85,0,2015 Frame,C
Draugr Recruiter,KHM,87,0,2015 Frame,C
Draugr Recruiter,KHM,87,0,2015 Frame,C
Draugr's Helm,KHM,88,0,2015 Frame,U
Dread Rider,KHM,89,0,2015 Frame,C
Dread Rider,KHM,89,0,2015 Frame,C
Duskwielder,KHM,91,0,2015 Frame,C
Duskwielder,KHM,91,0,2015 Frame,C
Duskwielder,KHM,91,1,2015 Frame,C
Elderfang Disciple,KHM,93,0,2015 Frame,C
Feed the Serpent,KHM,95,0,2015 Frame,C
Grim Draugr,KHM,96,0,2015 Frame,C
Grim Draugr,KHM,96,0,2015 Frame,C
Grim Draugr,KHM,96,1,2015 Frame,C
Infernal Pet,KHM,97,0,2015 Frame,C
Hailstorm Valkyrie,KHM,97,1,2015 Frame,U
Jarl of the Forsaken,KHM,100,0,2015 Frame,C
Karfell Kennel-Master,KHM,101,0,2015 Frame,C
Koma's Faithful,KHM,102,0,2015 Frame,C
Poison the Cup,KHM,103,0,2015 Frame,U
Priest of the Haunted Edge,KHM,104,0,2015 Frame,C
Raise the Draugr,KHM,105,0,2015 Frame,C
Raise the Draugr,KHM,105,1,2015 Frame,C
Return Upon the Tide,KHM,106,0,2015 Frame,U
Rise of the Dread Marn,KHM,107,1,2015 Frame,R
Rune of Mortality,KHM,108,0,2015 Frame,U
Rune of Mortality,KHM,108,1,2015 Frame,U
Skemfar Shadowsage,KHM,110,0,2015 Frame,U
Skull Raid,KHM,111,0,2015 Frame,C
Skull Raid,KHM,111,0,2015 Frame,C
Tergrid's Shadow,KHM,113,0,2015 Frame,U
Vengeful Reaper,KHM,116,0,2015 Frame,U
Village Rites,KHM,117,0,2015 Frame,C
Weigh Down,KHM,118,0,2015 Frame,C
Weigh Down,KHM,118,0,2015 Frame,C
Withercrown,KHM,119,0,2015 Frame,C
Withercrown,KHM,119,0,2015 Frame,C
Axgard Cavalry,KHM,121,0,2015 Frame,C
Basalt Ravager,KHM,122,0,2015 Frame,U
Basalt Ravager,KHM,122,0,2015 Frame,U
Basalt Ravager,KHM,122,0,2015 Frame,U
Breakneck Berserker,KHM,124,0,2015 Frame,C
Cinderheart Giant,KHM,126,0,2015 Frame,C
Craven Hulk,KHM,127,0,2015 Frame,C
Craven Hulk,KHM,127,1,2015 Frame,C
Crush the Weak,KHM,128,0,2015 Frame,U
Crush the Weak,KHM,128,0,2015 Frame,U
Crush the Weak,KHM,128,0,2015 Frame,U
Demon Bolt,KHM,129,0,2015 Frame,C
Demon Bolt,KHM,129,1,2015 Frame,C
Doomskar Titan,KHM,130,0,2015 Frame,U
Dual Strike,KHM,132,0,2015 Frame,U
Dwarven Hammer,KHM,133,0,2015 Frame,U
Dwarven Hammer,KHM,133,0,2015 Frame,U
Dwarven Reinforcements,KHM,134,0,2015 Frame,C
Fearless Liberator,KHM,135,0,2015 Frame,U
Fearless Pup,KHM,136,0,2015 Frame,C
Fearless Pup,KHM,136,0,2015 Frame,C
Fearless Pup,KHM,136,0,2015 Frame,C
Frenzied Raider,KHM,137,0,2015 Frame,U
Frost Bite,KHM,138,0,2015 Frame,C
Hagi Mob,KHM,140,0,2015 Frame,C
Immersturm Raider,KHM,141,0,2015 Frame,C
Open the Omenpaths,KHM,143,1,2015 Frame,C
Provoke the Trolls,KHM,144,0,2015 Frame,U
Provoke the Trolls,KHM,144,0,2015 Frame,U
Provoke the Trolls,KHM,144,0,2015 Frame,U
Seize the Spoils,KHM,149,0,2015 Frame,C
Shackles of Treachery,KHM,150,0,2015 Frame,C
Smashing Success,KHM,151,0,2015 Frame,C
Squash,KHM,152,0,2015 Frame,C
Tuskeri Firewalker,KHM,157,0,2015 Frame,C
Vault Robber,KHM,158,0,2015 Frame,C
Arachnoform,KHM,159,0,2015 Frame,C
Arachnoform,KHM,159,0,2015 Frame,C
Blizzard Brawl,KHM,162,0,2015 Frame,U
Boreal Outrider,KHM,163,0,2015 Frame,U
Broken Wings,KHM,164,1,2015 Frame,C
Broken Wings,KHM,164,0,2015 Frame,C
Elderleaf Mentor,KHM,165,0,2015 Frame,C
Elderleaf Mentor,KHM,165,0,2015 Frame,C
Elven Bow,KHM,166,0,2015 Frame,U
Elven Bow,KHM,166,0,2015 Frame,U
Elven Bow,KHM,166,0,2015 Frame,U
"Fynn, the Fangbearer",KHM,170,0,2015 Frame,U
Glittering Frost,KHM,171,0,2015 Frame,C
Glittering Frost,KHM,171,0,2015 Frame,C
Glittering Frost,KHM,171,0,2015 Frame,C
Glittering Frost,KHM,171,0,2015 Frame,C
Gnottvold Recluse,KHM,172,0,2015 Frame,C
Gnottvold Recluse,KHM,172,0,2015 Frame,C
Gnottvold Recluse,KHM,172,1,2015 Frame,C
Grizzled Outrider,KHM,173,0,2015 Frame,C
Grizzled Outrider,KHM,173,0,2015 Frame,C
Grizzled Outrider,KHM,173,0,2015 Frame,C
Guardian Gladewalker,KHM,174,0,2015 Frame,C
Guardian Gladewalker,KHM,174,0,2015 Frame,C
Guardian Gladewalker,KHM,174,0,2015 Frame,C
Horizon Seeker,KHM,175,0,2015 Frame,C
Horizon Seeker,KHM,175,0,2015 Frame,C
Horizon Seeker,KHM,175,0,2015 Frame,C
Icehide Troll,KHM,176,0,2015 Frame,C
Icehide Troll,KHM,176,0,2015 Frame,C
Icehide Troll,KHM,176,0,2015 Frame,C
Jaspera Sentinel,KHM,178,0,2015 Frame,C
Jaspera Sentinel,KHM,178,0,2015 Frame,C
Jaspera Sentinel,KHM,178,1,2015 Frame,C
King Harald's Revenge,KHM,180,0,2015 Frame,C
King Harald's Revenge,KHM,180,0,2015 Frame,C
King Harald's Revenge,KHM,180,0,2015 Frame,C
Littjara Glade-Warden,KHM,182,0,2015 Frame,U
Mammoth Growth,KHM,183,1,2015 Frame,C
Mammoth Growth,KHM,183,0,2015 Frame,C
Mammoth Growth,KHM,183,0,2015 Frame,C
Old-Growth Troll,KHM,185,0,2015 Frame,R
Ravenous Lindwurm,KHM,187,0,2015 Frame,C
Ravenous Lindwurm,KHM,187,0,2015 Frame,C
Rootless Yew,KHM,189,0,2015 Frame,U
Rootless Yew,KHM,189,0,2015 Frame,U
Rootless Yew,KHM,189,0,2015 Frame,U
Roots of Wisdom,KHM,190,0,2015 Frame,C
Roots of Wisdom,KHM,190,0,2015 Frame,C
Rune of Might,KHM,191,0,2015 Frame,U
Rune of Might,KHM,191,0,2015 Frame,U
Sarulf's Packmate,KHM,192,0,2015 Frame,C
Sarulf's Packmate,KHM,192,0,2015 Frame,C
Sarulf's Packmate,KHM,192,0,2015 Frame,C
Sculptor of Winter,KHM,193,0,2015 Frame,C
Sculptor of Winter,KHM,193,0,2015 Frame,C
Sculptor of Winter,KHM,193,0,2015 Frame,C
Snakeskin Veil,KHM,194,0,2015 Frame,U
Snakeskin Veil,KHM,194,1,2015 Frame,U
Spirit of the Aldergard,KHM,195,0,2015 Frame,U
Struggle for Skemfar,KHM,196,0,2015 Frame,C
Struggle for Skemfar,KHM,196,0,2015 Frame,C
Struggle for Skemfar,KHM,196,0,2015 Frame,C
Path to the World Tree,KHM,186,0,2015 Frame,U
"Aegar, the Freezing Flame",KHM,200,0,2015 Frame,U
"Aegar, the Freezing Flame",KHM,200,0,2015 Frame,U
Arni Slays the Troll,KHM,201,0,2015 Frame,U
Arni Slays the Troll,KHM,201,0,2015 Frame,U
Arni Slays the Troll,KHM,201,0,2015 Frame,U
Ascent of the Worthy,KHM,202,0,2015 Frame,U
Binding the Old Gods,KHM,206,0,2015 Frame,U
The Bloodsky Massacre,KHM,207,0,2015 Frame,R
Fall of the Impostor,KHM,208,0,2015 Frame,U
"Firja, Judge of Valor",KHM,209,0,2015 Frame,U
Forging the Tyrite Sword,KHM,211,0,2015 Frame,U
Forging the Tyrite Sword,KHM,211,0,2015 Frame,U
"Harald, King of Skemfar",KHM,212,0,2015 Frame,U
Invasion of the Giants,KHM,215,0,2015 Frame,U
Kardur's Vicious Return,KHM,217,0,2015 Frame,U
"Koll, the Forgemaster",KHM,220,0,2015 Frame,U
"Koll, the Forgemaster",KHM,220,0,2015 Frame,U
"Maja, Bretagard Protector",KHM,222,0,2015 Frame,U
"Maja, Bretagard Protector",KHM,222,0,2015 Frame,U
"Maja, Bretagard Protector",KHM,222,0,2015 Frame,U
"Maja, Bretagard Protector",KHM,222,1,2015 Frame,U
Moritte of the Frost,KHM,223,0,2015 Frame,U
Moritte of the Frost,KHM,223,0,2015 Frame,U
"Narfi, Betrayer King",KHM,224,0,2015 Frame,U
Niko Defies Destiny,KHM,226,0,2015 Frame,U
Niko Defies Destiny,KHM,226,0,2015 Frame,U
The Raven's Warning,KHM,227,0,2015 Frame,R
"Svella, Ice Shaper",KHM,230,0,2015 Frame,U
"Svella, Ice Shaper",KHM,230,0,2015 Frame,U
"Svella, Ice Shaper",KHM,230,0,2015 Frame,U
The Three Seasons,KHM,231,0,2015 Frame,U
The Trickster-God's Heist,KHM,232,0,2015 Frame,U
"Vega, the Watcher",KHM,233,0,2015 Frame,U
"Vega, the Watcher",KHM,233,0,2015 Frame,U
Colossal Plow,KHM,236,0,2015 Frame,U
Funeral Longboat,KHM,238,0,2015 Frame,C
Funeral Longboat,KHM,238,0,2015 Frame,C
Goldvein Pick,KHM,239,0,2015 Frame,C
Goldvein Pick,KHM,239,1,2015 Frame,C
Raiders' Karve,KHM,242,0,2015 Frame,C
Raiders' Karve,KHM,242,0,2015 Frame,C
Raven Wings,KHM,243,0,2015 Frame,C
Raven Wings,KHM,243,0,2015 Frame,C
Raven Wings,KHM,243,0,2015 Frame,C
Replicating Ring,KHM,244,0,2015 Frame,U
Replicating Ring,KHM,244,0,2015 Frame,U
Replicating Ring,KHM,244,0,2015 Frame,U
Replicating Ring,KHM,244,0,2015 Frame,U
Runed Crown,KHM,245,0,2015 Frame,U
Scorn Effigy,KHM,246,0,2015 Frame,C
Weathered Runestone,KHM,247,0,2015 Frame,U
Tormentor's Helm,KHM,155,0,2015 Frame,C
Arctic Treeline,KHM,249,0,2015 Frame,C
Bretagard Stronghold,KHM,253,0,2015 Frame,U
Bretagard Stronghold,KHM,253,0,2015 Frame,U
Bretagard Stronghold,KHM,253,0,2015 Frame,U
Gates of Istfell,KHM,256,0,2015 Frame,U
Gates of Istfell,KHM,256,0,2015 Frame,U
Port of Karfell,KHM,256,0,2015 Frame,C
Glacial Floodplain,KHM,257,0,2015 Frame,C
Glacial Floodplain,KHM,257,0,2015 Frame,C
Glacial Floodplain,KHM,257,1,2015 Frame,C
Gnottvold Slumbermound,KHM,258,0,2015 Frame,U
Gnottvold Slumbermound,KHM,258,0,2015 Frame,U
Gnottvold Slumbermound,KHM,258,0,2015 Frame,U
Great Hall of Starnheim,KHM,259,0,2015 Frame,U
Highland Forest,KHM,261,0,2015 Frame,C
Ice Tunnel,KHM,262,0,2015 Frame,C
Littjara Mirrorlake,KHM,264,0,2015 Frame,U
Shimmerdrift Vale,KHM,267,0,2015 Frame,C
Shimmerdrift Vale,KHM,267,0,2015 Frame,C
Skemfar Elderhall,KHM,268,0,2015 Frame,U
Snowfield Sinkhole,KHM,269,0,2015 Frame,C
Snowfield Sinkhole,KHM,269,0,2015 Frame,C
Snowfield Sinkhole,KHM,269,1,2015 Frame,C
Sulfurous Mire,KHM,270,0,2015 Frame,C
Surtland Frostpyre,KHM,271,0,2015 Frame,U
Volatile Fjord,KHM,273,0,2015 Frame,C
Woodland Chasm,KHM,274,0,2015 Frame,C
Woodland Chasm,KHM,274,0,2015 Frame,C
Snow-Covered Mountain,KHM,282,0,2015 Frame,C
Snow-Covered Mountain,KHM,282,0,2015 Frame,C
Snow-Covered Mountain,KHM,282,1,2015 Frame,C
Snow-Covered Forest,KHM,284,0,2015 Frame,C
Snow-Covered Forest,KHM,284,0,2015 Frame,C
Snow-Covered Forest,KHM,284,1,2015 Frame,C
"Firja, Judge of Valor",KHM,322,0,Showcase,U
"Firja, Judge of Valor",KHM,322,0,Showcase,U
"Kardur, Doomscourge",KHM,324,0,Showcase,U
"Koll, the Forgemaster",KHM,325,0,Showcase,U
"Maja, Bretagard Protector",KHM,327,0,Showcase,U
Armed and Armored,KHM,379,0,2015 Frame,U
Warchanter Skald,KHM,381,0,2015 Frame,U
Warchanter Skald,KHM,381,0,2015 Frame,U
Absorb Identity,KHM,383,0,2015 Frame,U
Gilded Assault Cart,KHM,390,0,2015 Frame,U
Gilded Assault Cart,KHM,390,0,2015 Frame,U
Gladewalker Ritualist,KHM,392,0,2015 Frame,U
The Book of Exalted Deeds,AFR,4,0,2015 Frame,M
"Nadaar, Selfless Paladin",AFR,27,0,2015 Frame,R
"Iymrith, Desert Doom",AFR,62,0,2015 Frame,M
True Polymorph,AFR,80,0,2015 Frame,R
Deadly Dispute,AFR,94,1,2015 Frame,C
Westgate Regent,AFR,126,0,2015 Frame,R
"Delina, Wild Mage",AFR,138,1,2015 Frame,R
Hobgoblin Bandit Lord,AFR,147,0,2015 Frame,R
"Varis, Silverymoon Ranger",AFR,209,0,2015 Frame,R
Fighter Class,AFR,222,0,2015 Frame,R
Treasure Chest,AFR,252,0,2015 Frame,R
Mind Flayer,AFR,308,0,Showcase,R
Arborea Pegasus,AFR,2,0,2015 Frame,C
Ingenious Smith,AFR,21,0,2015 Frame,U
Keen-Eared Sentry,AFR,22,0,2015 Frame,U
Planar Ally,AFR,31,0,2015 Frame,C
Plate Armor,AFR,32,0,2015 Frame,U
Portable Hole,AFR,33,0,2015 Frame,U
Rally Maneuver,AFR,36,0,2015 Frame,U
Ranger's Hawk,AFR,37,0,2015 Frame,C
You Hear Something on Watch,AFR,42,0,2015 Frame,C
You Hear Something on Watch,AFR,42,0,2015 Frame,C
Contact Other Plane,AFR,52,1,2015 Frame,C
Displacer Beast,AFR,54,0,2015 Frame,U
Eccentric Apprentice,AFR,57,0,2015 Frame,U
Fly,AFR,59,0,2015 Frame,U
Guild Thief,AFR,61,0,2015 Frame,U
Mordenkainen's Polymorph,AFR,65,0,2015 Frame,C
Trickster's Talisman,AFR,79,1,2015 Frame,U
Wizard Class,AFR,81,0,2015 Frame,U
You Come to a River,AFR,83,0,2015 Frame,C
You Come to a River,AFR,83,0,2015 Frame,C
Baleful Beholder,AFR,89,0,2015 Frame,C
Check for Traps,AFR,92,0,2015 Frame,U
Clattering Skeletons,AFR,93,0,2015 Frame,C
Drider,AFR,98,0,2015 Frame,U
Eyes of the Beholder,AFR,101,0,2015 Frame,C
Fates' Reversal,AFR,102,0,2015 Frame,C
Grim Bounty,AFR,106,0,2015 Frame,C
Grim Wanderer,AFR,107,0,2015 Frame,U
Herald of Hadar,AFR,108,0,2015 Frame,C
Lightfoot Rogue,AFR,111,0,2015 Frame,U
Manticore,AFR,113,0,2015 Frame,C
Reaper's Talisman,AFR,117,0,2015 Frame,U
Skullport Merchant,AFR,120,0,2015 Frame,U
Vampire Spawn,AFR,123,0,2015 Frame,C
Critical Hit,AFR,137,0,2015 Frame,U
Dragon's Fire,AFR,139,0,2015 Frame,C
Farideh's Fireball,AFR,142,1,2015 Frame,C
Hulking Bugbear,AFR,149,0,2015 Frame,U
Jaded Sell-Sword,AFR,152,0,2015 Frame,C
Magic Missile,AFR,154,0,2015 Frame,U
Rust Monster,AFR,161,0,2015 Frame,U
You Come to the Gnoll Camp,AFR,168,0,2015 Frame,C
You Find Some Prisoners,AFR,169,0,2015 Frame,U
Bulette,AFR,173,0,2015 Frame,C
Bull's Strength,AFR,174,1,2015 Frame,C
Compelled Duel,AFR,178,0,2015 Frame,C
Dire Wolf Prowler,AFR,179,0,2015 Frame,C
Druid Class,AFR,180,0,2015 Frame,U
Inspiring Bard,AFR,189,0,2015 Frame,C
Plummet,AFR,199,0,2015 Frame,C
Ranger's Longbow,AFR,203,0,2015 Frame,C
Scaled Herbalist,AFR,204,0,2015 Frame,C
Sylvan Shepherd,AFR,206,0,2015 Frame,C
Underdark Basilisk,AFR,208,0,2015 Frame,C
You Find a Cursed Idol,AFR,213,0,2015 Frame,C
You Happen On a Glade,AFR,214,1,2015 Frame,U
You Meet in a Tavern,AFR,215,0,2015 Frame,U
Bruenor Battlehammer,AFR,219,0,2015 Frame,U
"Hama Pashar, Ruin Seeker",AFR,224,0,2015 Frame,U
"Kalain, Reclusive Painter",AFR,225,0,2015 Frame,U
Bag of Holding,AFR,240,0,2015 Frame,R
Iron Golem,AFR,247,0,2015 Frame,U
Spare Dagger,AFR,250,0,2015 Frame,C
Evolving Wilds,AFR,256,1,Showcase,C
Arborea Pegasus,AFR,299,0,Showcase,C
Celestial Unicorn,AFR,301,0,Showcase,C
Pixie Guide,AFR,309,0,Showcase,C
Bulette,AFR,324,0,Showcase,C
Underdark Basilisk,AFR,334,0,Showcase,C
Bruenor Battlehammer,AFR,337,0,Showcase,U
"Kalain, Reclusive Painter",AFR,342,0,Showcase,U
Krydle of Baldur's Gate,AFR,343,0,Showcase,U
Brutal Cathar // Moonrage Brute,MID,7,0,2015 Frame,R
Curse of Silence,MID,15,1,2015 Frame,R
Enduring Angel // Angelic Enforcer,MID,17,0,2015 Frame,M
Intrepid Adversary,MID,25,0,2015 Frame,M
Sigarda's Splendor,MID,33,0,2015 Frame,R
Curse of Surveillance,MID,46,0,2015 Frame,R
Curse of Surveillance,MID,46,0,2015 Frame,R
Memory Deluge,MID,62,0,2015 Frame,R
Triskaidekaphile,MID,81,0,2015 Frame,R
Champion of the Perished,MID,91,0,2015 Frame,R
Curse of Leeches // Leeching Lurker,MID,94,0,2015 Frame,R
"Jadar, Ghoulcaller of Nephalia",MID,108,0,2015 Frame,R
Augur of Autumn,MID,168,0,2015 Frame,R
Lord of the Forsaken,MID,110,0,2015 Frame,M
Tainted Adversary,MID,124,0,2015 Frame,M
Morbid Opportunist,MID,113,0,2015 Frame,U
Morbid Opportunist,MID,113,0,2015 Frame,U
Slaughter Specialist,MID,122,0,2015 Frame,R
Curse of Shaken Faith,MID,134,0,2015 Frame,R
Geistflame Reservoir,MID,142,0,2015 Frame,R
Reckless Stormseeker // Storm-Charged Slasher,MID,157,0,2015 Frame,R
Willow Geist,MID,207,0,2015 Frame,R
Angelfire Ignition,MID,209,0,2015 Frame,R
Croaking Counterpart,MID,215,0,2015 Frame,R
"Dennick, Pious Apprentice // Dennick, Pious Apparition",MID,217,0,2015 Frame,R
Dire-Strain Rampage,MID,219,0,2015 Frame,R
Galvanic Iteration,MID,224,0,2015 Frame,R
"Katilda, Dawnhart Prime",MID,230,0,2015 Frame,R
"Liesa, Forgotten Archangel",MID,232,0,2015 Frame,R
"Ludevic, Necrogenius // Olag, Ludevic's Hubris",MID,233,0,2015 Frame,R
Old Stickfingers,MID,234,0,2015 Frame,R
Old Stickfingers,MID,234,0,2015 Frame,R
Rite of Harmony,MID,236,0,2015 Frame,R
"Vadrik, Astral Archmage",MID,248,0,2015 Frame,R
Wake to Slaughter,MID,250,1,2015 Frame,R
The Celestus,MID,252,0,2015 Frame,R
Deserted Beach,MID,260,0,2015 Frame,R
Deserted Beach,MID,260,0,2015 Frame,R
Deserted Beach,MID,260,1,2015 Frame,R
Deserted Beach,MID,260,1,Alt-Art,R
Rockfall Vale,MID,266,0,2015 Frame,R
Shipwreck Marsh,MID,267,0,2015 Frame,R
Wrenn and Seven,MID,278,0,Alt-Art,M
Deserted Beach,MID,281,0,Alt-Art,R
Brutal Cathar // Moonrage Brute,MID,286,0,Showcase,R
"Liesa, Forgotten Archangel",MID,319,0,Showcase,R
Old Stickfingers,MID,321,0,Showcase,R
"Slogurk, the Overslime",MID,324,0,Showcase,R
Triskaidekaphile,MID,386,1,2015 Frame,R
Ambitious Farmhand // Seasoned Cathar,MID,2,0,2015 Frame,U
Ambitious Farmhand // Seasoned Cathar,MID,2,0,2015 Frame,U
Beloved Beggar // Generous Soul,MID,3,0,2015 Frame,U
Bereaved Survivor // Dauntless Avenger,MID,4,0,2015 Frame,U
Blessed Defiance,MID,5,0,2015 Frame,C
Borrowed Time,MID,6,0,2015 Frame,U
Candlegrove Witch,MID,8,0,2015 Frame,C
Candletrap,MID,9,0,2015 Frame,C
Candletrap,MID,9,0,2015 Frame,C
Cathar Commando,MID,10,0,2015 Frame,C
Cathar Commando,MID,10,0,2015 Frame,C
Cathar Commando,MID,10,0,2015 Frame,C
Cathar's Call,MID,11,0,2015 Frame,U
Celestus Sanctifier,MID,12,0,2015 Frame,C
Clarion Cathars,MID,14,0,2015 Frame,C
Clarion Cathars,MID,14,0,2015 Frame,C
Duelcraft Trainer,MID,16,0,2015 Frame,U
Flare of Faith,MID,19,0,2015 Frame,C
Gavony Dawnguard,MID,20,0,2015 Frame,U
Gavony Silversmith,MID,21,0,2015 Frame,C
Gavony Silversmith,MID,21,0,2015 Frame,C
Gavony Silversmith,MID,21,0,2015 Frame,C
Gavony Trapper,MID,22,0,2015 Frame,C
Gavony Trapper,MID,22,0,2015 Frame,C
Hedgewitch's Mask,MID,23,0,2015 Frame,C
Homestead Courage,MID,24,0,2015 Frame,C
Homestead Courage,MID,24,0,2015 Frame,C
Homestead Courage,MID,24,1,2015 Frame,C
Loyal Gryff,MID,26,0,2015 Frame,U
Lunarch Veteran // Luminous Phantom,MID,27,0,2015 Frame,C
Lunarch Veteran // Luminous Phantom,MID,27,0,2015 Frame,C
Lunarch Veteran // Luminous Phantom,MID,27,0,2015 Frame,C
Mourning Patrol // Morning Apparition,MID,28,0,2015 Frame,C
Mourning Patrol // Morning Apparition,MID,28,0,2015 Frame,C
Mourning Patrol // Morning Apparition,MID,28,0,2015 Frame,C
Odric's Outrider,MID,29,0,2015 Frame,U
Ritual Guardian,MID,30,0,2015 Frame,C
Ritual Guardian,MID,30,1,2015 Frame,C
Ritual of Hope,MID,31,0,2015 Frame,U
Search Party Captain,MID,32,0,2015 Frame,C
Search Party Captain,MID,32,0,2015 Frame,C
Search Party Captain,MID,32,1,2015 Frame,C
Soul-Guide Gryff,MID,35,0,2015 Frame,C
Sungold Barrage,MID,36,0,2015 Frame,C
Sungold Barrage,MID,36,0,2015 Frame,C
Sungold Barrage,MID,36,0,2015 Frame,C
Sunset Revelry,MID,38,0,2015 Frame,U
Thraben Exorcism,MID,39,0,2015 Frame,C
Unruly Mob,MID,40,0,2015 Frame,C
Unruly Mob,MID,40,0,2015 Frame,C
Baithook Angler // Hook-Haunt Drifter,MID,42,0,2015 Frame,C
Component Collector,MID,43,0,2015 Frame,C
Component Collector,MID,43,0,2015 Frame,C
Consider,MID,44,0,2015 Frame,C
Covetous Castaway // Ghostly Castigator,MID,45,0,2015 Frame,U
Delver of Secrets // Insectile Aberration,MID,47,0,2015 Frame,C
Delver of Secrets // Insectile Aberration,MID,47,0,2015 Frame,C
Devious Cover-Up,MID,48,0,2015 Frame,C
Dissipate,MID,49,0,2015 Frame,U
Dissipate,MID,49,0,2015 Frame,U
Drownyard Amalgam,MID,50,0,2015 Frame,C
Drownyard Amalgam,MID,50,0,2015 Frame,C
Drownyard Amalgam,MID,50,0,2015 Frame,C
Drownyard Amalgam,MID,50,1,2015 Frame,C
Fading Hope,MID,51,0,2015 Frame,U
Fading Hope,MID,51,0,2015 Frame,U
Falcon Abomination,MID,52,0,2015 Frame,C
Falcon Abomination,MID,52,0,2015 Frame,C
Firmament Sage,MID,53,0,2015 Frame,U
Flip the Switch,MID,54,0,2015 Frame,C
Galedrifter // Waildrifter,MID,55,0,2015 Frame,C
Galedrifter // Waildrifter,MID,55,0,2015 Frame,C
Geistwave,MID,56,0,2015 Frame,C
Larder Zombie,MID,58,0,2015 Frame,C
Larder Zombie,MID,58,0,2015 Frame,C
Locked in the Cemetery,MID,60,0,2015 Frame,C
Mysterious Tome // Chilling Chronicle,MID,63,0,2015 Frame,U
Mysterious Tome // Chilling Chronicle,MID,63,0,2015 Frame,U
Nebelgast Intruder,MID,64,0,2015 Frame,U
Ominous Roost,MID,65,0,2015 Frame,U
Organ Hoarder,MID,66,0,2015 Frame,C
Organ Hoarder,MID,66,0,2015 Frame,C
Organ Hoarder,MID,66,0,2015 Frame,C
Organ Hoarder,MID,66,0,2015 Frame,C
Organ Hoarder,MID,66,1,2015 Frame,C
Otherworldly Gaze,MID,67,0,2015 Frame,C
Otherworldly Gaze,MID,67,1,2015 Frame,C
Phantom Carriage,MID,70,0,2015 Frame,U
Revenge of the Drowned,MID,72,0,2015 Frame,C
Revenge of the Drowned,MID,72,0,2015 Frame,C
Revenge of the Drowned,MID,72,0,2015 Frame,C
Revenge of the Drowned,MID,72,0,2015 Frame,C
Secrets of the Key,MID,73,0,2015 Frame,C
Secrets of the Key,MID,73,0,2015 Frame,C
Shipwreck Sifters,MID,74,0,2015 Frame,C
Shipwreck Sifters,MID,74,0,2015 Frame,C
Skaab Wrangler,MID,75,0,2015 Frame,U
Startle,MID,78,0,2015 Frame,C
Startle,MID,78,0,2015 Frame,C
Stormrider Spirit,MID,79,0,2015 Frame,C
Unblinking Observer,MID,82,0,2015 Frame,C
Unblinking Observer,MID,82,0,2015 Frame,C
Vivisection,MID,83,0,2015 Frame,C
Arrogant Outlaw,MID,84,0,2015 Frame,C
Arrogant Outlaw,MID,84,0,2015 Frame,C
Baneblade Scoundrel // Baneclaw Marauder,MID,85,0,2015 Frame,U
Baneblade Scoundrel // Baneclaw Marauder,MID,85,1,2015 Frame,U
Bat Whisperer,MID,86,0,2015 Frame,C
Bat Whisperer,MID,86,0,2015 Frame,C
Bladebrand,MID,87,0,2015 Frame,C
Bladebrand,MID,87,0,2015 Frame,C
Bladebrand,MID,87,0,2015 Frame,C
Blood Pact,MID,88,0,2015 Frame,C
Blood Pact,MID,88,0,2015 Frame,C
Bloodtithe Collector,MID,90,0,2015 Frame,U
Bloodtithe Collector,MID,90,0,2015 Frame,U
Bloodtithe Collector,MID,90,1,2015 Frame,U
Covert Cutpurse // Covetous Geist,MID,92,0,2015 Frame,U
Crawl from the Cellar,MID,93,0,2015 Frame,C
Crawl from the Cellar,MID,93,0,2015 Frame,C
Defenestrate,MID,95,0,2015 Frame,C
Defenestrate,MID,95,0,2015 Frame,C
Diregraf Horde,MID,96,0,2015 Frame,C
Diregraf Horde,MID,96,0,2015 Frame,C
Dreadhound,MID,97,0,2015 Frame,U
Dreadhound,MID,97,0,2015 Frame,U
Duress,MID,98,0,2015 Frame,C
Eaten Alive,MID,99,0,2015 Frame,C
Eaten Alive,MID,99,0,2015 Frame,C
Ecstatic Awakener // Awoken Demon,MID,100,0,2015 Frame,C
Ecstatic Awakener // Awoken Demon,MID,100,0,2015 Frame,C
Ecstatic Awakener // Awoken Demon,MID,100,0,2015 Frame,C
Foul Play,MID,101,0,2015 Frame,U
Ghoulish Procession,MID,102,0,2015 Frame,U
Ghoulish Procession,MID,102,0,2015 Frame,U
Hobbling Zombie,MID,106,0,2015 Frame,C
Hobbling Zombie,MID,106,0,2015 Frame,C
Infernal Grasp,MID,107,0,2015 Frame,U
Morkrut Behemoth,MID,114,0,2015 Frame,C
Morkrut Behemoth,MID,114,0,2015 Frame,C
Morkrut Behemoth,MID,114,1,2015 Frame,C
Necrosynthesis,MID,115,0,2015 Frame,U
No Way Out,MID,116,0,2015 Frame,C
No Way Out,MID,116,0,2015 Frame,C
No Way Out,MID,116,0,2015 Frame,C
Novice Occultist,MID,117,0,2015 Frame,C
Novice Occultist,MID,117,0,2015 Frame,C
Novice Occultist,MID,117,1,2015 Frame,C
Olivia's Midnight Ambush,MID,118,0,2015 Frame,C
Rotten Reunion,MID,119,0,2015 Frame,C
Rotten Reunion,MID,119,0,2015 Frame,C
Rotten Reunion,MID,119,1,2015 Frame,C
Shady Traveler // Stalking Predator,MID,120,0,2015 Frame,C
Shady Traveler // Stalking Predator,MID,120,0,2015 Frame,C
Shady Traveler // Stalking Predator,MID,120,0,2015 Frame,C
Shady Traveler // Stalking Predator,MID,120,0,2015 Frame,C
Shady Traveler // Stalking Predator,MID,120,1,2015 Frame,C
Siege Zombie,MID,121,0,2015 Frame,C
Siege Zombie,MID,121,0,2015 Frame,C
Stromkirk Bloodthief,MID,123,0,2015 Frame,U
Stromkirk Bloodthief,MID,123,0,2015 Frame,U
Vampire Interloper,MID,125,0,2015 Frame,C
Vengeful Strangler // Strangling Grasp,MID,126,0,2015 Frame,U
Abandon the Post,MID,127,0,2015 Frame,C
Abandon the Post,MID,127,0,2015 Frame,C
Ardent Elementalist,MID,128,0,2015 Frame,C
Brimstone Vandal,MID,130,0,2015 Frame,C
Burn the Accursed,MID,132,0,2015 Frame,C
Cathartic Pyre,MID,133,0,2015 Frame,U
Cathartic Pyre,MID,133,0,2015 Frame,U
Electric Revelation,MID,135,0,2015 Frame,C
Electric Revelation,MID,135,0,2015 Frame,C
Falkenrath Perforator,MID,136,0,2015 Frame,C
Famished Foragers,MID,138,0,2015 Frame,C
Fangblade Brigand // Fangblade Eviscerator,MID,139,0,2015 Frame,U
Festival Crasher,MID,140,0,2015 Frame,C
Flame Channeler // Embodiment of Flame,MID,141,0,2015 Frame,U
Harvesttide Infiltrator // Harvesttide Assailant,MID,143,0,2015 Frame,C
Harvesttide Infiltrator // Harvesttide Assailant,MID,143,0,2015 Frame,C
Immolation,MID,144,0,2015 Frame,C
Immolation,MID,144,0,2015 Frame,C
Lambholt Harrier,MID,145,0,2015 Frame,C
Lambholt Harrier,MID,145,0,2015 Frame,C
Lambholt Harrier,MID,145,0,2015 Frame,C
Lambholt Harrier,MID,145,1,2015 Frame,C
Lunar Frenzy,MID,147,0,2015 Frame,U
Lunar Frenzy,MID,147,0,2015 Frame,U
Moonrager's Slash,MID,148,0,2015 Frame,C
Moonrager's Slash,MID,148,0,2015 Frame,C
Mounted Dreadknight,MID,150,0,2015 Frame,C
Neonate's Rush,MID,151,0,2015 Frame,C
Neonate's Rush,MID,151,0,2015 Frame,C
Neonate's Rush,MID,151,1,2015 Frame,C
Obsessive Astronomer,MID,152,0,2015 Frame,U
Obsessive Astronomer,MID,152,0,2015 Frame,U
Pack's Betrayal,MID,153,0,2015 Frame,C
Pack's Betrayal,MID,153,0,2015 Frame,C
Play with Fire,MID,154,0,2015 Frame,U
Play with Fire,MID,154,0,2015 Frame,U
Purifying Dragon,MID,155,0,2015 Frame,U
Purifying Dragon,MID,155,0,2015 Frame,U
Raze the Effigy,MID,156,0,2015 Frame,C
Raze the Effigy,MID,156,0,2015 Frame,C
Seize the Storm,MID,158,0,2015 Frame,U
Spellrune Painter // Spellrune Howler,MID,160,0,2015 Frame,U
Stolen Vitality,MID,161,0,2015 Frame,C
Stolen Vitality,MID,161,0,2015 Frame,C
Tavern Ruffian // Tavern Smasher,MID,163,0,2015 Frame,C
Tavern Ruffian // Tavern Smasher,MID,163,0,2015 Frame,C
Tavern Ruffian // Tavern Smasher,MID,163,0,2015 Frame,C
Tavern Ruffian // Tavern Smasher,MID,163,0,2015 Frame,C
Tavern Ruffian // Tavern Smasher,MID,163,0,2015 Frame,C
Tavern Ruffian // Tavern Smasher,MID,163,0,2015 Frame,C
Tavern Ruffian // Tavern Smasher,MID,163,0,2015 Frame,C
Tavern Ruffian // Tavern Smasher,MID,163,0,2015 Frame,C
Tavern Ruffian // Tavern Smasher,MID,163,0,2015 Frame,C
Tavern Ruffian // Tavern Smasher,MID,163,0,2015 Frame,C
Tavern Ruffian // Tavern Smasher,MID,163,0,2015 Frame,C
Tavern Ruffian // Tavern Smasher,MID,163,0,2015 Frame,C
Tavern Ruffian // Tavern Smasher,MID,163,1,2015 Frame,C
Thermo-Alchemist,MID,164,0,2015 Frame,U
Thermo-Alchemist,MID,164,0,2015 Frame,U
Village Watch // Village Reavers,MID,165,0,2015 Frame,U
Voldaren Ambusher,MID,166,0,2015 Frame,U
Voldaren Stinger,MID,167,0,2015 Frame,C
Bird Admirer // Wing Shredder,MID,169,0,2015 Frame,C
Bird Admirer // Wing Shredder,MID,169,0,2015 Frame,C
Bird Admirer // Wing Shredder,MID,169,1,2015 Frame,C
Bounding Wolf,MID,170,0,2015 Frame,C
Bramble Armor,MID,171,0,2015 Frame,C
Brood Weaver,MID,173,0,2015 Frame,U
Burly Breaker // Dire-Strain Demolisher,MID,174,0,2015 Frame,U
Burly Breaker // Dire-Strain Demolisher,MID,174,0,2015 Frame,U
Candlelit Cavalry,MID,175,0,2015 Frame,C
Clear Shot,MID,176,0,2015 Frame,U
Contortionist Troupe,MID,178,0,2015 Frame,U
Dawnhart Mentor,MID,179,0,2015 Frame,U
Dawnhart Rejuvenator,MID,180,0,2015 Frame,C
Deathbonnet Sprout // Deathbonnet Hulk,MID,181,0,2015 Frame,U
Defend the Celestus,MID,182,0,2015 Frame,U
Dryad's Revival,MID,183,0,2015 Frame,U
Duel for Dominance,MID,184,0,2015 Frame,C
Duel for Dominance,MID,184,0,2015 Frame,C
Eccentric Farmer,MID,185,0,2015 Frame,C
Eccentric Farmer,MID,185,0,2015 Frame,C
Harvesttide Sentry,MID,186,0,2015 Frame,C
Harvesttide Sentry,MID,186,1,2015 Frame,C
Hound Tamer // Untamed Pup,MID,187,0,2015 Frame,U
Howl of the Hunt,MID,188,0,2015 Frame,C
Howl of the Hunt,MID,188,0,2015 Frame,C
Might of the Old Ways,MID,189,0,2015 Frame,C
Might of the Old Ways,MID,189,1,2015 Frame,C
Outland Liberator // Frenzied Trapbreaker,MID,190,0,2015 Frame,U
Outland Liberator // Frenzied Trapbreaker,MID,190,0,2015 Frame,U
Path to the Festival,MID,191,0,2015 Frame,C
Path to the Festival,MID,191,0,2015 Frame,C
Path to the Festival,MID,191,1,2015 Frame,C
Pestilent Wolf,MID,192,0,2015 Frame,C
Plummet,MID,193,0,2015 Frame,C
Rise of the Ants,MID,196,0,2015 Frame,U
Shadowbeast Sighting,MID,198,0,2015 Frame,C
Shadowbeast Sighting,MID,198,0,2015 Frame,C
Shadowbeast Sighting,MID,198,1,2015 Frame,C
Snarling Wolf,MID,199,0,2015 Frame,C
Tapping at the Window,MID,201,0,2015 Frame,C
Tapping at the Window,MID,201,0,2015 Frame,C
Tapping at the Window,MID,201,1,2015 Frame,C
Timberland Guide,MID,202,0,2015 Frame,C
Tireless Hauler // Dire-Strain Brawler,MID,203,0,2015 Frame,C
Tireless Hauler // Dire-Strain Brawler,MID,203,0,2015 Frame,C
Tireless Hauler // Dire-Strain Brawler,MID,203,0,2015 Frame,C
Turn the Earth,MID,205,0,2015 Frame,U
Arcane Infusion,MID,210,0,2015 Frame,U
Arcane Infusion,MID,210,1,2015 Frame,U
Bladestitched Skaab,MID,212,0,2015 Frame,U
Bladestitched Skaab,MID,212,0,2015 Frame,U
Bladestitched Skaab,MID,212,0,2015 Frame,U
Corpse Cobble,MID,214,0,2015 Frame,U
Corpse Cobble,MID,214,0,2015 Frame,U
Corpse Cobble,MID,214,0,2015 Frame,U
Dawnhart Wardens,MID,216,0,2015 Frame,U
Diregraf Rebirth,MID,220,0,2015 Frame,U
Diregraf Rebirth,MID,220,0,2015 Frame,U
Faithful Mending,MID,221,0,2015 Frame,U
Fleshtaker,MID,222,0,2015 Frame,U
Grizzly Ghoul,MID,226,0,2015 Frame,U
Grizzly Ghoul,MID,226,0,2015 Frame,U
Hungry for More,MID,228,0,2015 Frame,U
Join the Dance,MID,229,0,2015 Frame,U
Kessig Naturalist // Lord of the Ulvenwald,MID,231,0,2015 Frame,U
Rite of Oblivion,MID,237,0,2015 Frame,U
Rite of Oblivion,MID,237,0,2015 Frame,U
Rootcoil Creeper,MID,238,0,2015 Frame,U
Sacred Fire,MID,239,0,2015 Frame,U
Storm Skreelix,MID,243,0,2015 Frame,U
Storm Skreelix,MID,243,0,2015 Frame,U
Sunrise Cavalier,MID,244,0,2015 Frame,U
Unnatural Moonrise,MID,247,0,2015 Frame,U
Vampire Socialite,MID,249,0,2015 Frame,U
Winterthorn Blessing,MID,251,0,2015 Frame,U
Winterthorn Blessing,MID,251,0,2015 Frame,U
Crossroads Candleguide,MID,253,0,2015 Frame,C
Jack-o'-Lantern,MID,254,0,2015 Frame,C
Jack-o'-Lantern,MID,254,0,2015 Frame,C
Moonsilver Key,MID,255,0,2015 Frame,U
Moonsilver Key,MID,255,0,2015 Frame,U
Silver Bolt,MID,258,0,2015 Frame,C
Silver Bolt,MID,258,0,2015 Frame,C
Silver Bolt,MID,258,0,2015 Frame,C
Silver Bolt,MID,258,1,2015 Frame,C
Stuffed Bear,MID,259,0,2015 Frame,C
Stuffed Bear,MID,259,0,2015 Frame,C
Evolving Wilds,MID,261,0,2015 Frame,C
Evolving Wilds,MID,261,0,2015 Frame,C
Field of Ruin,MID,262,0,2015 Frame,U
Field of Ruin,MID,262,0,2015 Frame,U
Rockfall Vale,MID,266,0,2015 Frame,R
Candlegrove Witch,MID,287,0,Showcase,C
Candlegrove Witch,MID,287,0,Showcase,C
Candlegrove Witch,MID,287,0,Showcase,C
Candlegrove Witch,MID,287,0,Showcase,C
Baneblade Scoundrel // Baneclaw Marauder,MID,289,0,Showcase,U
Baneblade Scoundrel // Baneclaw Marauder,MID,289,0,Showcase,U
Shady Traveler // Stalking Predator,MID,291,0,Showcase,C
Shady Traveler // Stalking Predator,MID,291,0,Showcase,C
Shady Traveler // Stalking Predator,MID,291,0,Showcase,C
Shady Traveler // Stalking Predator,MID,291,0,Showcase,C
Shady Traveler // Stalking Predator,MID,291,0,Showcase,C
Shady Traveler // Stalking Predator,MID,291,0,Showcase,C
Fangblade Brigand // Fangblade Eviscerator,MID,292,0,Showcase,U
Fangblade Brigand // Fangblade Eviscerator,MID,292,0,Showcase,U
Fangblade Brigand // Fangblade Eviscerator,MID,292,0,Showcase,U
Harvesttide Infiltrator // Harvesttide Assailant,MID,293,0,Showcase,C
Harvesttide Infiltrator // Harvesttide Assailant,MID,293,0,Showcase,C
Harvesttide Infiltrator // Harvesttide Assailant,MID,293,0,Showcase,C
Harvesttide Infiltrator // Harvesttide Assailant,MID,293,0,Showcase,C
Spellrune Painter // Spellrune Howler,MID,295,0,Showcase,U
Spellrune Painter // Spellrune Howler,MID,295,1,Showcase,U
Tavern Ruffian // Tavern Smasher,MID,296,0,Showcase,C
Tavern Ruffian // Tavern Smasher,MID,296,0,Showcase,C
Tavern Ruffian // Tavern Smasher,MID,296,0,Showcase,C
Tavern Ruffian // Tavern Smasher,MID,296,0,Showcase,C
Tavern Ruffian // Tavern Smasher,MID,296,0,Showcase,C
Tavern Ruffian // Tavern Smasher,MID,296,0,Showcase,C
Tavern Ruffian // Tavern Smasher,MID,296,0,Showcase,C
Village Watch // Village Reavers,MID,297,0,Showcase,U
Bird Admirer // Wing Shredder,MID,298,0,Showcase,C
Bird Admirer // Wing Shredder,MID,298,0,Showcase,C
Bird Admirer // Wing Shredder,MID,298,0,Showcase,C
Bird Admirer // Wing Shredder,MID,298,0,Showcase,C
Bird Admirer // Wing Shredder,MID,298,0,Showcase,C
Bird Admirer // Wing Shredder,MID,298,0,Showcase,C
Burly Breaker // Dire-Strain Demolisher,MID,299,0,Showcase,U
Dawnhart Mentor,MID,300,0,Showcase,U
Dawnhart Mentor,MID,300,0,Showcase,U
Dawnhart Rejuvenator,MID,301,0,Showcase,C
Dawnhart Rejuvenator,MID,301,0,Showcase,C
Dawnhart Rejuvenator,MID,301,0,Showcase,C
Dawnhart Rejuvenator,MID,301,0,Showcase,C
Dawnhart Rejuvenator,MID,301,0,Showcase,C
Dawnhart Rejuvenator,MID,301,0,Showcase,C
Dawnhart Rejuvenator,MID,301,0,Showcase,C
Hound Tamer // Untamed Pup,MID,302,0,Showcase,U
Hound Tamer // Untamed Pup,MID,302,0,Showcase,U
Tireless Hauler // Dire-Strain Brawler,MID,305,0,Showcase,C
Tireless Hauler // Dire-Strain Brawler,MID,305,0,Showcase,C
Tireless Hauler // Dire-Strain Brawler,MID,305,0,Showcase,C
Tireless Hauler // Dire-Strain Brawler,MID,305,0,Showcase,C
Tireless Hauler // Dire-Strain Brawler,MID,305,0,Showcase,C
Tireless Hauler // Dire-Strain Brawler,MID,305,0,Showcase,C
Tireless Hauler // Dire-Strain Brawler,MID,305,1,Showcase,C
Dawnhart Wardens,MID,308,0,Showcase,U
Dawnhart Wardens,MID,308,0,Showcase,U
Kessig Naturalist // Lord of the Ulvenwald,MID,310,0,Showcase,U
Kessig Naturalist // Lord of the Ulvenwald,MID,310,0,Showcase,U
"Kyodai, Soul of Kamigawa",NEO,23,0,2015 Frame,R
The Restoration of Eiganjo // Architect of Restoration,NEO,34,0,2015 Frame,R
Lizard Blades,NEO,153,0,2015 Frame,R
Kodama of the West Tree,NEO,199,0,2015 Frame,M
Hidetsugu Consumes All // Vessel of the All-Consuming,NEO,221,0,2015 Frame,M
"Risona, Asari Commander",NEO,233,0,2015 Frame,R
"Eiganjo, Seat of the Empire",NEO,268,0,2015 Frame,R
"Sokenzan, Crucible of Defiance",NEO,276,0,2015 Frame,R
Invoke Justice,NEO,366,1,Showcase,R
Invoke Despair,NEO,506,1,Showcase,R
Banishing Slash,NEO,3,0,2015 Frame,U
Dragonfly Suit,NEO,9,1,2015 Frame,C
Era of Enlightenment // Hand of Enlightenment,NEO,11,0,2015 Frame,C
Wanderer's Intervention,NEO,41,0,2015 Frame,C
When We Were Young,NEO,43,0,2015 Frame,U
Acquisition Octopus,NEO,44,0,2015 Frame,U
Armguard Familiar,NEO,46,1,2015 Frame,C
Covert Technician,NEO,49,0,2015 Frame,U
Futurist Operative,NEO,53,0,2015 Frame,U
Mobilizer Mech,NEO,65,1,2015 Frame,U
Moonsnare Specialist,NEO,70,1,2015 Frame,C
Planar Incision,NEO,72,0,2015 Frame,C
Spell Pierce,NEO,80,0,2015 Frame,C
Tamiyo's Compleation,NEO,83,0,2015 Frame,C
Thirst for Knowledge,NEO,85,0,2015 Frame,U
Assassin's Ink,NEO,87,0,2015 Frame,U
Assassin's Ink,NEO,87,1,2015 Frame,U
Clawing Torment,NEO,91,1,2015 Frame,C
Dokuchi Shadow-Walker,NEO,94,0,2015 Frame,C
Dokuchi Silencer,NEO,95,0,2015 Frame,U
Kaito's Pursuit,NEO,103,0,2015 Frame,C
Leech Gauntlet,NEO,106,0,2015 Frame,U
The Long Reach of Night // Animus of Night's Reach,NEO,109,0,2015 Frame,U
Nezumi Prowler,NEO,116,0,2015 Frame,U
Okiba Reckoner Raid // Nezumi Road Captain,NEO,117,0,2015 Frame,C
Bronzeplate Boar,NEO,135,0,2015 Frame,U
Explosive Entry,NEO,139,0,2015 Frame,C
Gift of Wrath,NEO,143,0,2015 Frame,C
Ironhoof Boar,NEO,148,0,2015 Frame,C
Kumano Faces Kakkazan // Etching of Kumano,NEO,152,0,2015 Frame,U
Kumano Faces Kakkazan // Etching of Kumano,NEO,152,0,2015 Frame,U
Rabbit Battery,NEO,157,0,2015 Frame,U
The Shattered States Era // Nameless Conqueror,NEO,162,0,2015 Frame,C
Simian Sling,NEO,163,0,2015 Frame,C
Twinshot Sniper,NEO,168,0,2015 Frame,U
Azusa's Many Journeys // Likeness of the Seeker,NEO,172,0,2015 Frame,U
Bearer of Memory,NEO,174,0,2015 Frame,C
Coiling Stalker,NEO,179,0,2015 Frame,C
Coiling Stalker,NEO,179,0,2015 Frame,C
Fang of Shigeki,NEO,183,0,2015 Frame,C
Favor of Jukai,NEO,184,0,2015 Frame,C
Favor of Jukai,NEO,184,0,2015 Frame,C
Heir of the Ancient Fang,NEO,191,0,2015 Frame,C
Heir of the Ancient Fang,NEO,191,0,2015 Frame,C
Jukai Preserver,NEO,195,0,2015 Frame,C
Jukai Preserver,NEO,195,0,2015 Frame,C
Jukai Trainee,NEO,196,0,2015 Frame,C
Jukai Trainee,NEO,196,0,2015 Frame,C
Kappa Tech-Wrecker,NEO,198,0,2015 Frame,U
Master's Rebuke,NEO,202,0,2015 Frame,C
Master's Rebuke,NEO,202,0,2015 Frame,C
Spinning Wheel Kick,NEO,207,0,2015 Frame,U
Tales of Master Seshiro // Seshiro's Living Legacy,NEO,210,0,2015 Frame,C
Tales of Master Seshiro // Seshiro's Living Legacy,NEO,210,0,2015 Frame,C
Tamiyo's Safekeeping,NEO,211,0,2015 Frame,C
"Naomi, Pillar of Order",NEO,229,0,2015 Frame,U
Silver-Fur Master,NEO,236,0,2015 Frame,U
Automated Artificer,NEO,239,0,2015 Frame,C
Containment Construct,NEO,243,0,2015 Frame,U
Dramatist's Puppet,NEO,244,0,2015 Frame,C
Iron Apprentice,NEO,248,0,2015 Frame,C
Network Terminal,NEO,251,0,2015 Frame,C
Network Terminal,NEO,251,1,2015 Frame,C
Runaway Trash-Bot,NEO,257,0,2015 Frame,U
Searchlight Companion,NEO,258,0,2015 Frame,C
"Norika Yamazaki, the Poet",NEO,311,0,Showcase,U
"Norika Yamazaki, the Poet",NEO,311,0,Showcase,U
Seven-Tail Mentor,NEO,313,0,Showcase,C
Guardians of Oboro,NEO,317,0,Showcase,C
Guardians of Oboro,NEO,317,0,Showcase,C
Nezumi Bladeblesser,NEO,318,0,Showcase,C
Upriser Renegade,NEO,324,0,Showcase,U
Jukai Trainee,NEO,326,0,Showcase,C
Jukai Trainee,NEO,326,0,Showcase,C
Blade-Blizzard Kitsune,NEO,331,0,Showcase,U
Futurist Operative,NEO,333,0,Showcase,U
Inkrise Infiltrator,NEO,341,0,Showcase,C
Fang of Shigeki,NEO,347,0,Showcase,C
Anointed Peacekeeper,DMU,2,0,2015 Frame,R
Archangel of Wrath,DMU,3,0,2015 Frame,R
Defiler of Faith,DMU,16,0,2015 Frame,R
Valiant Veteran,DMU,38,0,2015 Frame,R
Haughty Djinn,DMU,52,0,2015 Frame,R
The Phasing of Zhalfir,DMU,59,0,2015 Frame,R
Vesuvan Duplimancy,DMU,73,0,2015 Frame,M
Vodalian Hexcatcher,DMU,75,0,2015 Frame,R
"Braids, Arisen Nightmare",DMU,84,0,2015 Frame,R
The Cruelty of Gix,DMU,87,0,2015 Frame,R
Drag to the Bottom,DMU,91,0,2015 Frame,R
The Raven Man,DMU,103,0,2015 Frame,R
Shadow-Rite Priest,DMU,106,0,2015 Frame,R
Chaotic Transformation,DMU,117,0,2015 Frame,R
Defiler of Instinct,DMU,119,0,2015 Frame,R
"Squee, Dubious Monarch",DMU,146,0,2015 Frame,R
Herd Migration,DMU,165,0,2015 Frame,R
Llanowar Greenwidow,DMU,169,0,2015 Frame,R
Threats Undetected,DMU,185,0,2015 Frame,R
"Astor, Bearer of Blades",DMU,194,0,2015 Frame,R
King Darien XLVIII,DMU,204,0,2015 Frame,R
"Nemata, Primeval Warden",DMU,209,0,2015 Frame,R
Ratadrabik of Urborg,DMU,213,0,2015 Frame,R
Soul of Windgrace,DMU,220,0,2015 Frame,M
Timeless Lotus,DMU,239,0,2015 Frame,M
Caves of Koilos,DMU,244,0,2015 Frame,R
Karplusan Forest,DMU,250,0,2015 Frame,R
Shivan Reef,DMU,255,0,2015 Frame,R
Thran Portal,DMU,259,0,2015 Frame,R
Yavimaya Coast,DMU,261,0,2015 Frame,R
"Braids, Arisen Nightmare",DMU,288,0,Showcase,R
The Raven Man,DMU,289,1,Showcase,R
King Darien XLVIII,DMU,303,1,Showcase,R
"Nemata, Primeval Warden",DMU,308,1,Showcase,R
Ratadrabik of Urborg,DMU,312,0,Showcase,R
"Stenn, Paranoid Partisan",DMU,320,0,Showcase,R
"Karn, Living Legacy",DMU,372,1,Borderless Art,M
Karplusan Forest,DMU,379,1,Borderless Art,R
Argivian Cavalier,DMU,4,0,2015 Frame,C
Argivian Phalanx,DMU,5,0,2015 Frame,C
Artillery Blast,DMU,6,0,2015 Frame,C
Artillery Blast,DMU,6,0,2015 Frame,C
Benalish Faithbonder,DMU,7,1,2015 Frame,C
Benalish Faithbonder,DMU,7,0,2015 Frame,C
Captain's Call,DMU,9,0,2015 Frame,C
Captain's Call,DMU,9,0,2015 Frame,C
Charismatic Vanguard,DMU,10,0,2015 Frame,C
Charismatic Vanguard,DMU,10,0,2015 Frame,C
Citizen's Arrest,DMU,11,0,2015 Frame,C
Clockwork Drawbridge,DMU,13,0,2015 Frame,C
Clockwork Drawbridge,DMU,13,0,2015 Frame,C
Coalition Skyknight,DMU,14,0,2015 Frame,U
Destroy Evil,DMU,17,0,2015 Frame,C
Griffin Protector,DMU,18,0,2015 Frame,C
Join Forces,DMU,21,1,2015 Frame,U
Join Forces,DMU,21,0,2015 Frame,U
Knight of Dawn's Light,DMU,23,0,2015 Frame,U
Love Song of Night and Day,DMU,25,0,2015 Frame,U
Mesa Cavalier,DMU,26,0,2015 Frame,C
Prayer of Binding,DMU,28,0,2015 Frame,U
Prayer of Binding,DMU,28,0,2015 Frame,U
Resolute Reinforcements,DMU,29,0,2015 Frame,U
Samite Herbalist,DMU,31,1,2015 Frame,C
Samite Herbalist,DMU,31,0,2015 Frame,C
Take Up the Shield,DMU,35,0,2015 Frame,C
Wingmantle Chaplain,DMU,39,0,2015 Frame,U
Wingmantle Chaplain,DMU,39,0,2015 Frame,U
Plains,DMU,277,0,Full Art,C
Plains,DMU,277,0,Full Art,C
Academy Wall,DMU,41,0,2015 Frame,C
Academy Wall,DMU,41,0,2015 Frame,C
Combat Research,DMU,44,1,2015 Frame,U
Combat Research,DMU,44,0,2015 Frame,U
Coral Colony,DMU,45,0,2015 Frame,U
Coral Colony,DMU,45,0,2015 Frame,U
Djinn of the Fountain,DMU,47,0,2015 Frame,U
Djinn of the Fountain,DMU,47,0,2015 Frame,U
Ertai's Scorn,DMU,48,0,2015 Frame,U
Ertai's Scorn,DMU,48,0,2015 Frame,U
Essence Scatter,DMU,49,0,2015 Frame,C
Essence Scatter,DMU,49,0,2015 Frame,C
Founding the Third Path,DMU,50,0,2015 Frame,U
Founding the Third Path,DMU,50,0,2015 Frame,U
Frostfist Strider,DMU,51,1,2015 Frame,U
Frostfist Strider,DMU,51,0,2015 Frame,U
Frostfist Strider,DMU,51,0,2015 Frame,U
Haunting Figment,DMU,53,0,2015 Frame,C
Impede Momentum,DMU,54,0,2015 Frame,C
Impulse,DMU,55,0,2015 Frame,C
Micromancer,DMU,57,0,2015 Frame,U
Negate,DMU,58,0,2015 Frame,C
Shore Up,DMU,64,0,2015 Frame,C
Soaring Drake,DMU,66,0,2015 Frame,C
Talas Lookout,DMU,68,0,2015 Frame,C
Tidepool Turtle,DMU,69,0,2015 Frame,C
Tolarian Terror,DMU,72,0,2015 Frame,C
Voda Sea Scavenger,DMU,74,1,2015 Frame,C
Voda Sea Scavenger,DMU,74,0,2015 Frame,C
Volshe Tideturner,DMU,77,0,2015 Frame,C
Island,DMU,278,1,Full Art,C
Island,DMU,278,0,Full Art,C
Battle-Rage Blessing,DMU,80,0,2015 Frame,C
Battlefly Swarm,DMU,81,1,2015 Frame,C
Battlefly Swarm,DMU,81,0,2015 Frame,C
Blight Pile,DMU,82,0,2015 Frame,U
Blight Pile,DMU,82,0,2015 Frame,U
Bone Splinters,DMU,83,0,2015 Frame,C
Braids's Frightful Return,DMU,85,0,2015 Frame,U
Cult Conscript,DMU,88,0,2015 Frame,U
Cult Conscript,DMU,88,0,2015 Frame,U
Cut Down,DMU,89,0,2015 Frame,U
Eerie Soultender,DMU,92,0,2015 Frame,C
Extinguish the Light,DMU,94,0,2015 Frame,C
Gibbering Barricade,DMU,95,1,2015 Frame,C
Gibbering Barricade,DMU,95,0,2015 Frame,C
Gibbering Barricade,DMU,95,0,2015 Frame,C
Knight of Dusk's Shadow,DMU,96,1,2015 Frame,U
Knight of Dusk's Shadow,DMU,96,0,2015 Frame,U
Phyrexian Rager,DMU,99,0,2015 Frame,C
Phyrexian Rager,DMU,99,0,2015 Frame,C
Phyrexian Vivisector,DMU,100,0,2015 Frame,C
Phyrexian Vivisector,DMU,100,0,2015 Frame,C
Pilfer,DMU,102,0,2015 Frame,U
Sengir Connoisseur,DMU,104,0,2015 Frame,U
Shadow Prophecy,DMU,105,0,2015 Frame,C
Splatter Goblin,DMU,109,0,2015 Frame,C
Tattered Apparition,DMU,111,0,2015 Frame,C
Toxic Abomination,DMU,112,0,2015 Frame,C
Writhing Necromass,DMU,115,0,2015 Frame,C
Swamp,DMU,279,0,Full Art,C
Balduvian Berserker,DMU,116,0,2015 Frame,U
Coalition Warbrute,DMU,118,1,2015 Frame,C
Coalition Warbrute,DMU,118,0,2015 Frame,C
Dragon Whelp,DMU,120,0,2015 Frame,U
Electrostatic Infantry,DMU,122,0,2015 Frame,U
Flowstone Infusion,DMU,124,0,2015 Frame,C
Flowstone Infusion,DMU,124,0,2015 Frame,C
Flowstone Kavu,DMU,125,0,2015 Frame,C
Furious Bellow,DMU,126,0,2015 Frame,C
Goblin Picker,DMU,128,0,2015 Frame,C
Hammerhand,DMU,129,0,2015 Frame,C
Hurler Cyclops,DMU,130,1,2015 Frame,U
Hurler Cyclops,DMU,130,0,2015 Frame,U
Jaya's Firenado,DMU,134,0,2015 Frame,C
Lightning Strike,DMU,137,0,2015 Frame,C
Meria's Outrider,DMU,138,0,2015 Frame,C
Molten Monstrosity,DMU,139,1,2015 Frame,C
Molten Monstrosity,DMU,139,0,2015 Frame,C
Phoenix Chick,DMU,140,0,2015 Frame,U
Smash to Dust,DMU,144,0,2015 Frame,C
Smash to Dust,DMU,144,0,2015 Frame,C
Thrill of Possibility,DMU,148,0,2015 Frame,C
Twinferno,DMU,149,0,2015 Frame,U
Yavimaya Steelcrusher,DMU,152,0,2015 Frame,C
Yotia Declares War,DMU,153,0,2015 Frame,U
Yotia Declares War,DMU,153,0,2015 Frame,U
Mountain,DMU,280,1,Full Art,C
Mountain,DMU,280,0,Full Art,C
Mountain,DMU,280,0,Full Art,C
Barkweave Crusher,DMU,154,1,2015 Frame,C
Barkweave Crusher,DMU,154,0,2015 Frame,C
Bite Down,DMU,155,0,2015 Frame,C
Broken Wings,DMU,157,0,2015 Frame,C
Deathbloom Gardener,DMU,159,0,2015 Frame,C
Elfhame Wurm,DMU,161,0,2015 Frame,C
Elfhame Wurm,DMU,161,0,2015 Frame,C
Floriferous Vinewall,DMU,163,1,2015 Frame,C
Floriferous Vinewall,DMU,163,0,2015 Frame,C
Floriferous Vinewall,DMU,163,0,2015 Frame,C
Gaea's Might,DMU,164,0,2015 Frame,C
Hexbane Tortoise,DMU,166,0,2015 Frame,C
Linebreaker Baloth,DMU,168,0,2015 Frame,U
Llanowar Stalker,DMU,171,0,2015 Frame,C
Magnigoth Sentry,DMU,172,1,2015 Frame,C
Magnigoth Sentry,DMU,172,0,2015 Frame,C
Mossbeard Ancient,DMU,173,0,2015 Frame,U
Mossbeard Ancient,DMU,173,0,2015 Frame,U
Nishoba Brawler,DMU,174,0,2015 Frame,U
Slimefoot's Survey,DMU,178,1,2015 Frame,U
Slimefoot's Survey,DMU,178,0,2015 Frame,U
Snarespinner,DMU,179,0,2015 Frame,C
Sunbathing Rootwalla,DMU,181,0,2015 Frame,C
Tail Swipe,DMU,182,0,2015 Frame,U
Territorial Maro,DMU,184,0,2015 Frame,U
The Weatherseed Treaty,DMU,188,0,2015 Frame,U
Yavimaya Sojourner,DMU,191,0,2015 Frame,C
Forest,DMU,281,0,Full Art,C
Benalish Sleeper,DMU,8,1,2015 Frame,C
Benalish Sleeper,DMU,8,0,2015 Frame,C
Cleaving Skyrider,DMU,12,0,2015 Frame,U
Heroic Charge,DMU,20,0,2015 Frame,C
Juniper Order Rootweaver,DMU,22,0,2015 Frame,C
Phyrexian Missionary,DMU,27,0,2015 Frame,U
Phyrexian Missionary,DMU,27,0,2015 Frame,U
Runic Shot,DMU,30,0,2015 Frame,U
Shalai's Acolyte,DMU,33,0,2015 Frame,U
Shalai's Acolyte,DMU,33,0,2015 Frame,U
Stall for Time,DMU,34,0,2015 Frame,C
Battlewing Mystic,DMU,43,0,2015 Frame,U
Joint Exploration,DMU,56,0,2015 Frame,U
Phyrexian Espionage,DMU,60,0,2015 Frame,C
Phyrexian Espionage,DMU,60,0,2015 Frame,C
Pixie Illusionist,DMU,61,0,2015 Frame,C
Protect the Negotiators,DMU,62,0,2015 Frame,U
Rona's Vortex,DMU,63,0,2015 Frame,U
Timely Interference,DMU,70,0,2015 Frame,C
Tolarian Geyser,DMU,71,1,2015 Frame,C
Tolarian Geyser,DMU,71,0,2015 Frame,C
Aggressive Sabotage,DMU,78,0,2015 Frame,C
Balduvian Atrocity,DMU,79,0,2015 Frame,U
Choking Miasma,DMU,86,0,2015 Frame,U
Monstrous War-Leech,DMU,98,0,2015 Frame,U
Phyrexian Warhorse,DMU,101,0,2015 Frame,C
Sheoldred's Restoration,DMU,108,0,2015 Frame,U
Tribute to Urborg,DMU,113,0,2015 Frame,C
Urborg Repossession,DMU,114,1,2015 Frame,C
Urborg Repossession,DMU,114,0,2015 Frame,C
Fires of Victory,DMU,123,0,2015 Frame,U
Ghitu Amplifier,DMU,127,0,2015 Frame,C
Hurloon Battle Hymn,DMU,131,0,2015 Frame,U
In Thrall to the Pit,DMU,132,0,2015 Frame,C
Keldon Strike Team,DMU,136,0,2015 Frame,C
Sprouting Goblin,DMU,145,0,2015 Frame,U
Viashino Branchrider,DMU,150,1,2015 Frame,C
Viashino Branchrider,DMU,150,0,2015 Frame,C
Warhost's Frenzy,DMU,151,0,2015 Frame,U
Bog Badger,DMU,156,0,2015 Frame,C
Colossal Growth,DMU,158,0,2015 Frame,C
Elvish Hydromancer,DMU,162,0,2015 Frame,U
Elvish Hydromancer,DMU,162,0,2015 Frame,U
Scout the Wilderness,DMU,176,0,2015 Frame,C
Scout the Wilderness,DMU,176,0,2015 Frame,C
Strength of the Coalition,DMU,180,0,2015 Frame,U
Strength of the Coalition,DMU,180,0,2015 Frame,U
Tear Asunder,DMU,183,0,2015 Frame,U
Vineshaper Prodigy,DMU,187,0,2015 Frame,C
Yavimaya Iconoclast,DMU,190,0,2015 Frame,U
"Aron, Benalia's Ruin",DMU,193,0,2015 Frame,U
"Aron, Benalia's Ruin",DMU,193,0,2015 Frame,U
"Baird, Argivian Recruiter",DMU,195,0,2015 Frame,U
"Balmor, Battlemage Captain",DMU,196,0,2015 Frame,U
Bortuk Bonerattle,DMU,197,0,2015 Frame,U
"Elas il-Kor, Sadistic Pilgrim",DMU,198,0,2015 Frame,U
"Garna, Bloodfist of Keld",DMU,200,0,2015 Frame,U
"Lagomos, Hand of Hatred",DMU,205,0,2015 Frame,U
"Lagomos, Hand of Hatred",DMU,205,0,2015 Frame,U
"Nael, Avizoa Aeronaut",DMU,207,0,2015 Frame,U
"Najal, the Storm Runner",DMU,208,0,2015 Frame,U
Queen Allenal of Ruadach,DMU,210,0,2015 Frame,U
"Radha, Coalition Warlord",DMU,211,0,2015 Frame,U
"Raff, Weatherlight Stalwart",DMU,212,0,2015 Frame,U
"Raff, Weatherlight Stalwart",DMU,212,0,2015 Frame,U
"Rona, Sheoldred's Faithful",DMU,216,0,2015 Frame,U
"Rulik Mons, Warren Chief",DMU,217,0,2015 Frame,U
"Tatyova, Steward of Tides",DMU,222,0,2015 Frame,U
"Tatyova, Steward of Tides",DMU,222,0,2015 Frame,U
"Tori D'Avenant, Fury Rider",DMU,223,0,2015 Frame,U
"Tura Kennerud, Skyknight",DMU,224,0,2015 Frame,U
"Uurg, Spawn of Turg",DMU,225,0,2015 Frame,U
"Vohar, Vodalian Desecrator",DMU,226,1,2015 Frame,U
"Vohar, Vodalian Desecrator",DMU,226,0,2015 Frame,U
"Vohar, Vodalian Desecrator",DMU,226,0,2015 Frame,U
"Zar Ojanen, Scion of Efrava",DMU,227,0,2015 Frame,U
"Aron, Benalia's Ruin",DMU,292,0,Showcase,U
"Aron, Benalia's Ruin",DMU,292,0,Showcase,U
"Aron, Benalia's Ruin",DMU,292,0,Showcase,U
"Baird, Argivian Recruiter",DMU,294,0,Showcase,U
"Baird, Argivian Recruiter",DMU,294,0,Showcase,U
"Balmor, Battlemage Captain",DMU,295,0,Showcase,U
"Balmor, Battlemage Captain",DMU,295,0,Showcase,U
Bortuk Bonerattle,DMU,296,0,Showcase,U
Bortuk Bonerattle,DMU,296,0,Showcase,U
"Elas il-Kor, Sadistic Pilgrim",DMU,297,0,Showcase,U
"Elas il-Kor, Sadistic Pilgrim",DMU,297,0,Showcase,U
"Garna, Bloodfist of Keld",DMU,299,0,Showcase,U
"Garna, Bloodfist of Keld",DMU,299,0,Showcase,U
"Lagomos, Hand of Hatred",DMU,304,0,Showcase,U
"Lagomos, Hand of Hatred",DMU,304,0,Showcase,U
"Nael, Avizoa Aeronaut",DMU,306,0,Showcase,U
"Nael, Avizoa Aeronaut",DMU,306,0,Showcase,U
"Najal, the Storm Runner",DMU,307,0,Showcase,U
"Najal, the Storm Runner",DMU,307,0,Showcase,U
Queen Allenal of Ruadach,DMU,309,0,Showcase,U
Queen Allenal of Ruadach,DMU,309,0,Showcase,U
"Radha, Coalition Warlord",DMU,310,0,Showcase,U
"Radha, Coalition Warlord",DMU,310,0,Showcase,U
"Raff, Weatherlight Stalwart",DMU,311,0,Showcase,U
"Raff, Weatherlight Stalwart",DMU,311,0,Showcase,U
"Rona, Sheoldred's Faithful",DMU,315,0,Showcase,U
"Rona, Sheoldred's Faithful",DMU,315,0,Showcase,U
"Rulik Mons, Warren Chief",DMU,316,0,Showcase,U
"Rulik Mons, Warren Chief",DMU,316,0,Showcase,U
"Tatyova, Steward of Tides",DMU,321,0,Showcase,U
"Tatyova, Steward of Tides",DMU,321,0,Showcase,U
"Tori D'Avenant, Fury Rider",DMU,322,0,Showcase,U
"Tori D'Avenant, Fury Rider",DMU,322,0,Showcase,U
"Tura Kennerud, Skyknight",DMU,323,0,Showcase,U
"Tura Kennerud, Skyknight",DMU,323,0,Showcase,U
"Uurg, Spawn of Turg",DMU,324,1,Showcase,U
"Uurg, Spawn of Turg",DMU,324,0,Showcase,U
"Uurg, Spawn of Turg",DMU,324,0,Showcase,U
"Uurg, Spawn of Turg",DMU,324,0,Showcase,U
"Vohar, Vodalian Desecrator",DMU,325,0,Showcase,U
"Vohar, Vodalian Desecrator",DMU,325,0,Showcase,U
"Zar Ojanen, Scion of Efrava",DMU,326,0,Showcase,U
"Zar Ojanen, Scion of Efrava",DMU,326,0,Showcase,U
"Zar Ojanen, Scion of Efrava",DMU,326,0,Showcase,U
Automatic Librarian,DMU,229,0,2015 Frame,C
Hero's Heirloom,DMU,231,0,2015 Frame,U
Inscribed Tablet,DMU,232,0,2015 Frame,U
Inscribed Tablet,DMU,232,0,2015 Frame,U
Jodah's Codex,DMU,233,0,2015 Frame,U
Relic of Legends,DMU,236,1,2015 Frame,U
Relic of Legends,DMU,236,0,2015 Frame,U
Relic of Legends,DMU,236,0,2015 Frame,U
Salvaged Manaworker,DMU,237,0,2015 Frame,C
Shield-Wall Sentinel,DMU,238,0,2015 Frame,C
Shield-Wall Sentinel,DMU,238,0,2015 Frame,C
Vanquisher's Axe,DMU,240,0,2015 Frame,C
Walking Bulwark,DMU,241,0,2015 Frame,U
Walking Bulwark,DMU,241,0,2015 Frame,U
Contaminated Aquifer,DMU,245,0,2015 Frame,C
Crystal Grotto,DMU,246,0,2015 Frame,C
Geothermal Bog,DMU,247,1,2015 Frame,C
Geothermal Bog,DMU,247,0,2015 Frame,C
Geothermal Bog,DMU,247,0,2015 Frame,C
Haunted Mire,DMU,248,0,2015 Frame,C
Idyllic Beachfront,DMU,249,0,2015 Frame,C
Molten Tributary,DMU,251,1,2015 Frame,C
Molten Tributary,DMU,251,0,2015 Frame,C
Molten Tributary,DMU,251,0,2015 Frame,C
Radiant Grove,DMU,253,0,2015 Frame,C
Sacred Peaks,DMU,254,0,2015 Frame,C
Sacred Peaks,DMU,254,0,2015 Frame,C
Sunlit Marsh,DMU,257,0,2015 Frame,C
Tangled Islet,DMU,258,0,2015 Frame,C
Wooded Ridgeline,DMU,260,0,2015 Frame,C
Blessed Sanctuary,JMP,1,0,2015 Frame,R
Jared Carthalion,DMC,2,0,2015 Frame,M
Armored Skyhunter,CMR,11,0,2015 Frame,R
Austere Command,CMR,12,0,2015 Frame,R
Court of Grace,CMR,16,0,2015 Frame,R
Historian's Boon,DMC,21,0,2015 Frame,R
Stonehewer Giant,2XM,32,0,2015 Frame,R
The Lady of Otaria,DMC,35,1,2015 Frame,M
"Zetalpa, Primal Dawn",C21,112,0,2015 Frame,R
Beast Whisperer,GRN,123,0,2015 Frame,R
"Etali, Primal Storm",AFC,126,0,2015 Frame,R
"Elenda, the Dusk Rose",PLIST,378,0,2015 Frame,M
Return of the Wildspeaker,AFC,168,0,2015 Frame,R
"Ashaya, Soul of the Wild",ZNR,179,0,2015 Frame,M
"Garruk, Primal Hunter",C21,190,0,2015 Frame,M
Mimic Vat,c18,209,0,2015 Frame,R
"Karametra, God of Harvests",C20,218,0,2015 Frame,M
Dragon Throne of Tarkir,KTK,219,0,2015 Frame,R
Branchloft Pathway // Boulderloft Pathway,ZNR,258,0,2015 Frame,R
Memnite,PLIST,262,0,Modern Frame,U
Sigarda's Aid,CMR,384,0,2015 Frame,R
"Ghalta, Primal Hunger",JMP,399,0,2015 Frame,R
Comet Storm,CMR,411,0,2015 Frame,M
Dragonlord Dromoka,PLIST,488,0,2015 Frame,M
Witchstalker,PLISt,627,0,Modern Frame,R
Spirit of the Labyrinth,PLISt,661,0,Modern Frame,R
Sensei's Divining Top,PLISt,721,0,2015 Frame,R
"Lolth, Spider Queen",PLISt,770,0,2015 Frame,M
Clockwork Dragon,PLISt,802,0,Modern Frame,R
"Akroma, Vision of Ixidor",CMR,2,0,2015 Frame,M
All That Glitters,ELD,2,0,2015 Frame,U
Archon of Falling Stars,THB,2,0,2015 Frame,U
Ethereal Armor,Q06,2,0,2015 Frame,C
Dawn Charm,TSR,4,0,Modern Frame,
Ancestral Blade,CMR,5,1,2015 Frame,U
Beloved Princess,ELD,7,0,2015 Frame,C
Aven Riftwatcher,PLIST,8,0,Modern Frame,C
Abzan Falconer,ZNC,9,0,2015 Frame,U
Archon of Coronation,CMR,9,0,2015 Frame,M
"Daxos, Blessed by the Sun",THB,9,0,2015 Frame,U
"Ardenn, Intrepid Archaeologist",CMR,10,0,2015 Frame,U
Divine Reckoning,ISD,10,0,2015 Frame,R
Wake the Reflections,DGM,10,1,Modern Frame,C
Glorious Enforcer,MH2,14,0,2015 Frame,U
Healer's Hawk,GRN,14,0,2015 Frame,C
Impostor of the Sixth Pride,MH1,14,0,2015 Frame,C
"Evra, Halcyon Witness",DOM,16,0,2015 Frame,R
Flicker of Fate,THB,16,0,2015 Frame,C
Gods Willing,THS,16,0,Modern Frame,R
Gods Willing,THR,16,0,Modern Frame,R
Palace Sentinels,CMR,16,0,2015 Frame,C
Palace Sentinels,CMR,16,1,2015 Frame,C
Faith's Fetters,CMR,20,0,2015 Frame,U
Heliod's Pilgrim,THB,20,0,2015 Frame,R
Nykthos Paragon,MH2,22,0,2015 Frame,R
Evangel of Heliod,KHC,23,0,2015 Frame,U
Light of Promise,M21,25,0,2015 Frame,U
Serra's Emissary,MH2,30,0,2015 Frame,M
Skyblade's Boon,MH2,31,0,2015 Frame,U
Make a Stand,CMR,32,0,2015 Frame,U
Open the Armory,SOI,32,0,2015 Frame,U
Splendor Mare,IKO,32,0,2015 Frame,U
Reverent Hoplite,THB,33,0,2015 Frame,U
Sanguine Sacrament,XLN,33,0,2015 Frame,R
Storm Herd,KHC,33,0,2015 Frame,R
Revoke Existence,THB,34,0,2015 Frame,C
Flicker of Fate,THB,36,0,2015 Frame,C
Springjack Shepherd,PLIST,36,0,Modern Frame,U
Shatter the Sky,THB,37,0,2015 Frame,R
Prava of the Steel Legion,CMR,38,0,2015 Frame,U
Sungrace Pegasus,M15,38,0,2015 Frame,C
Wall of Reverence,UMA,41,0,2015 Frame,R
"Rebbec, Architect of Ascension",CMR,42,0,2015 Frame,U
Seraph of Dawn,CMR,44,0,2015 Frame,C
Slash the Ranks,CMR,47,0,2015 Frame,R
Slaughter the Strong,CMR,48,0,2015 Frame,U
Soul of Eternity,CMR,50,0,2015 Frame,R
Squad Captain,CMR,51,0,2015 Frame,C
Trusty Packbeast,CMR,53,0,2015 Frame,C
Vow of Duty,CMR,54,0,2015 Frame,U
Eternal Dragon,AFC,66,0,2015 Frame,R
Aerial Responder,C20,72,0,2015 Frame,U
Rootborn Defenses,C19,74,0,Modern Frame,C
Oblation,C21,97,0,2015 Frame,R
Cradle of Vitality,JMP,98,0,2015 Frame,R
Sun Titan,C21,106,0,2015 Frame,M
Adamant Will,DBL,268,0,2015 Frame,C
Timely Ward,CMR,363,0,2015 Frame,R
Condemn,CMR,369,0,2015 Frame,U
"Danitha Capashen, Paragon",CMR,370,0,2015 Frame,U
Dawn Charm,CMR,371,0,2015 Frame,C
Disenchant,CMR,372,0,2015 Frame,R
Faith Unbroken,CMR,373,0,2015 Frame,U
Flickerwisp,CMR,374,0,2015 Frame,U
Generous Gift,CMR,375,0,2015 Frame,U
Ironclad Slayer,CMR,376,0,2015 Frame,C
Kor Cartographer,CMR,377,0,2015 Frame,C
Martial Coup,CMR,378,0,2015 Frame,R
"Odric, Lunarch Marshal",CMR,379,0,2015 Frame,R
On Serra's Wings,CMR,380,0,2015 Frame,U
Oreskos Explorer,CMR,381,0,2015 Frame,U
Relic Seeker,CMR,382,0,2015 Frame,R
Return to Dust,CMR,383,0,2015 Frame,U
Spirit Mantle,CMR,385,0,2015 Frame,U
"Sram, Senior Edificer",CMR,386,0,2015 Frame,R
Swords to Plowshares,CMR,387,0,2015 Frame,U
Unbreakable Formation,CMR,388,0,2015 Frame,R
Unquestioned Authority,CMR,389,0,2015 Frame,U
Valorous Stance,CMR,390,0,2015 Frame,U
White Sun's Zenith,CMR,391,0,2015 Frame,R
Winds of Rath,CMR,392,0,2015 Frame,R
Stone Haven Pilgrim,PLISt,662,0,2015 Frame,U
Divine Reckoning,,,0,2015 Frame,R
Emerge Unscathed,,,0,2015 Frame,U
Fanatical Devotion,,,0,2015 Frame,C
Geist-Honored Monk,,,0,2015 Frame,R
Irregular Cohort,,,0,2015 Frame,C
Mirror Entity,,,0,2015 Frame,R
Tragic Arrogance,,,0,2015 Frame,R
Valiant Changeling,,,0,2015 Frame,U
Cancel,M21,44,0,2015 Frame,C
"Eligeth, Crossroads Augur",CMR,66,0,2015 Frame,R
Wavebreak Hippocamp,THB,80,0,2015 Frame,R
Brainstorm,C18,82,0,2015 Frame,R
Mulldrifter,AFC,87,0,2015 Frame,C
Counterspell,MB1,336,0,2015 Frame,U
Jump,PLIST,462,0,Modern Frame,C
Whirler Rogue,,,0,2015 Frame,U
Murder,SNC,88,1,2015 Frame,C
Costly Plunder,XLN,96,0,2015 Frame,C
Read the Bones,ORI,114,0,2015 Frame,C
Unburial Rites,PLIST,116,0,Modern Frame,U
Victimize,PLIST,120,0,2015 Frame,U
Touch of Moonglove,ORI,123,0,2015 Frame,C
Stitch Together,PLISt,850,0,Legacy Frame,U
Visions of Ruin,MIC,36,0,2015 Frame,R
Death by Dragons,CMD,80,0,Modern Frame,U
Faithless Looting,DKA,87,0,Modern Frame,R
Cathartic Reunion,KLD,109,0,2015 Frame,C
Collective Defiance,EMN,123,0,2015 Frame,R
Sticky Fingers,SNC,124,0,2015 Frame,C
Fireball,IMA,128,0,2015 Frame,U
The Flame of Keld,PLIST,129,0,2015 Frame,U
Dueling Rapier,AFR,140,0,2015 Frame,C
Irreverent Revelers,THB,143,0,2015 Frame,C
Thrill of Possibility,ELD,146,0,2015 Frame,U
Volatile Claws,MH1,154,0,2015 Frame,C
Scavenged Blade,ZNR,157,1,2015 Frame,C
Smoldering Egg // Ashmouth Dragon,MID,159,0,2015 Frame,R
Into the Night,VOW,163,0,2015 Frame,
Champion of the Flame,CMR,167,1,2015 Frame,U
Haze of Rage,TSR,169,0,2015 Frame,U
Unleash Fury,M21,170,0,2015 Frame,U
Tormenting Voice,ZNR,172,0,2015 Frame,C
Tormenting Voice,ZNR,172,0,2015 Frame,C
Dragon Egg,CMR,173,0,2015 Frame,C
Humble Defector,CMR,184,0,2015 Frame,U
"Kediss, Emberclaw Familiar",CMR,188,0,2015 Frame,U
"Rograkh, Son of Rohgahh",CMR,197,0,2015 Frame,U
Undying Rage,CMR,205,0,2015 Frame,C
Seething Song,PLIST,323,0,Modern Frame,C
Blazing Sunsteel,CMR,364,0,2015 Frame,R
Abrade,CMR,410,0,2015 Frame,C
Dualcaster Mage,CMR,412,0,2015 Frame,R
Expedite,CMR,413,0,2015 Frame,C
Fists of Flame,CMR,414,0,2015 Frame,C
Jaya's Immolating Inferno,CMR,415,0,2015 Frame,R
Relentless Assault,CMR,416,0,2015 Frame,R
Volcanic Fallout,CMR,418,0,2015 Frame,U
Wild Ricochet,CMR,419,0,2015 Frame,R
Word of Seizing,CMR,420,0,2015 Frame,R
Shivan Harvest,PLIST,540,0,Legacy Frame,U
Fateful Showdown,,,0,2015 Frame,R
Goblin Bombardment,,,0,2015 Frame,U
Taurean Mauler,,,0,2015 Frame,R
Hyena Umbra,UMA,21,0,2015 Frame,C
Elvish Mystic,KHC,58,0,2015 Frame,C
Harmonize,ZNC,68,0,2015 Frame,U
Inspiring Call,ZNC,70,0,2015 Frame,U
Springbloom Druid,KHC,74,0,2015 Frame,C
Wood Elves,KHC,80,0,2015 Frame,C
Nature's Claim,WWK,108,0,Modern Frame,S
Feed the Clan,KTK,132,0,2015 Frame,C
Winds of Qal Sisma,FRF,147,0,2015 Frame,U
Fertilid,IKO,152,0,2015 Frame,C
Druid's Deliverance,C19,162,0,2015 Frame,C
Rampant Growth,AFC,166,0,2015 Frame,C
Giant Adephage,C19,169,0,Modern Frame,M
Return to Nature,AFC,169,0,2015 Frame,C
Hydra's Growth,THB,172,0,2015 Frame,U
Momentous Fall,C19,173,0,2015 Frame,R
Return to Nature,ELD,173,0,2015 Frame,C
Harmonize,PLIST,174,0,Full Art,U
Ilysian Caryatid,THB,174,0,2015 Frame,C
Titanoth Rex,IKO,174,0,2015 Frame,U
Imperious Perfect,PLIST,177,0,Full Art,U
Leafkin Druid,M20,178,0,2015 Frame,C
Krosan Grip,C20,181,0,2015 Frame,U
Moonmist,PLIST,182,0,Modern Frame,C
Wren's Run Hydra,MH2,183,1,2015 Frame,U
Ageless Entity,C21,184,0,2015 Frame,R
Dauntless Survivor,ZNR,184,0,2015 Frame,C
Cultivate,C21,187,0,2015 Frame,U
Regrowth,A25,187,0,2015 Frame,U
Sakura-Tribe Elder,C20,187,0,2015 Frame,C
Might of the Masses,ORI,188,0,2015 Frame,C
Invigorating Surge,M21,190,0,2015 Frame,U
Life Goes On,M21,192,0,2015 Frame,C
Reclamation Sage,M15,194,0,2015 Frame,U
Reclamation Sage,M15,194,0,2015 Frame,U
Reclamation Sage,M15,194,0,2015 Frame,U
Incubation Druid,C21,195,0,2015 Frame,R
Reclaim,ORI,195,0,2015 Frame,C
"Renata, Called to the Hunt",THB,196,0,2015 Frame,U
Rabid Bite,ZNR,199,1,2015 Frame,C
Roiling Regrowth,ZNR,201,0,2015 Frame,U
Titanic Growth,ORI,201,0,2015 Frame,C
Verdant Sun's Avatar,XLN,213,0,2015 Frame,R
Armorcraft Judge,CMR,218,0,2015 Frame,U
Dawnglade Regent,CMR,222,0,2015 Frame,R
Reclamation Sage,CMR,248,0,2015 Frame,U
Llanowar Elves,M19,314,0,2015 Frame,C
Inscription of Abundance,ZNR,360,0,2015 Frame,R
Avenger of Zendikar,CMR,422,0,2015 Frame,M
Beast Within,CMR,423,0,2015 Frame,U
Eternal Witness,CMR,425,0,2015 Frame,U
Chatter of the Squirrel,PLIST,432,0,Legacy Frame,C
Rampant Growth,CMR,432,0,2015 Frame,C
Exuberant Wolfbear,PLIST,619,0,2015 Frame,U
Farseek,MB1,1206,0,2015 Frame,C
Greater Sandwurm,MB1,1227,0,2015 Frame,C
Shamanic Revelation,MB1,1331,0,2015 Frame,R
Changeling Titan,,,0,2015 Frame,U
"Kyler, Sigardian Emissary",MIC,4,0,2015 Frame,M
Momentary Blink,TSR,28,0,2015 Frame,C
Azorius Signet,KHC,37,0,2015 Frame,U
"Atla Palani, Nest Tender",C19,38,0,2015 Frame,M
"Brago, King Eternal",KHC,82,0,2015 Frame,R
Soulherder,KHC,93,0,2015 Frame,U
Avacyn's Pilgrim,MM3,119,0,2015 Frame,C
Drogskol Captain,DKA,136,0,Modern Frame,U
Unraveling Mummy,HOU,147,0,2015 Frame,U
Centaur Healer,MM3,156,0,2015 Frame,C
Refuse // Cooperate,HOU,156,0,2015 Frame,R
Camaraderie,grn,157,0,2015 Frame,R
Khenra Charioteer,AKH,201,0,2015 Frame,U
Sundering Growth,C19,203,0,Modern Frame,C
Swiftblade Vindicator,GRN,203,0,2015 Frame,R
Wayward Servant,AKH,208,0,2015 Frame,U
Onward // Victory,AKH,218,0,2015 Frame,U
Onward // Victory,AKH,218,0,2015 Frame,U
"Akiri, Fearless Voyager",ZNR,220,1,2015 Frame,R
"Raiyuu, Storm's Edge",NEO,232,0,2015 Frame,R
"Eruth, Tormented Prophet",VOW,237,0,2015 Frame,R
Teach by Example,STX,241,0,2015 Frame,C
Selesnya Signet,RAV,270,0,Modern Frame,C
"Hamza, Guardian of Arashin",CMR,278,0,2015 Frame,U
Arcus Acolyte,MH2,361,0,2015 Frame,U
"Wyleth, Soul of Steel",CMR,362,1,2015 Frame,M
Boros Charm,CMR,442,0,2015 Frame,U
Deflecting Palm,CMR,444,0,2015 Frame,R
Response // Resurgence,CMR,449,0,2015 Frame,R
"Tiana, Ship's Caretaker",CMR,454,0,2015 Frame,U
Wear // Tear,CMR,456,0,2015 Frame,U
Call of the Nightwing,PLIST,555,0,Modern Frame,U
"Reyav, Master Smith",CMR,610,0,2015 Frame,U
"Reyav, Master Smith",PLISt,711,0,2015 Frame,U
Krydle of Baldur's Gate,PLISt,793,0,Showcase,U
Oracle of Nectars,MB1,1529,0,Modern Frame,R
Heartwarming Redemption,,,0,2015 Frame,U
Pristine Talisman,NPH,151,0,Modern Frame,C
Summoner's Egg,,157,0,Modern Frame,R
Whispersilk Cloak,DST,160,0,Modern Frame,U
Manalith,HOU,164,0,2015 Frame,C
Sol Ring,AFC,215,0,2015 Frame,M
Boros Signet,MM3,217,0,2015 Frame,R
Colossus Hammer,M20,223,0,2015 Frame,U
Edifice of Authority,AKH,226,0,2015 Frame,U
Embalmer's Tools,AKH,227,0,2015 Frame,U
Mana Geode,WAR,241,0,2015 Frame,C
Wings of Hubris,THB,241,0,2015 Frame,C
Cliffhaven Kitesail,ZNR,243,0,2015 Frame,C
Letter of Acceptance,STX,256,0,2015 Frame,C
Utility Knife,ZNR,256,0,2015 Frame,C
Fractured Powerstone,PLIST,257,0,Modern Frame,C
Honored Heirloom,VOW,257,0,2015 Frame,C
Scarecrone,PLIST,267,0,Modern Frame,R
Armillary Sphere,CMR,298,0,2015 Frame,C
Burnished Hart,CMR,302,0,2015 Frame,U
Commander's Sphere,MIC,306,0,2015 Frame,C
Fire Diamond,CMR,309,0,2015 Frame,U
Foundry Inspector,CMR,310,0,2015 Frame,U
High Market,2XM,321,0,2015 Frame,R
Marble Diamond,CMR,323,0,2015 Frame,U
Prophetic Prism,CMR,334,0,2015 Frame,C
Runed Stalactite,PLIST,345,0,Modern Frame,C
Blackblade Reforged,CMR,457,0,2015 Frame,R
Bonesplitter,CMR,458,0,2015 Frame,C
Boros Signet,CMR,459,0,2015 Frame,R
Brass Squire,CMR,460,0,2015 Frame,U
Explorer's Scope,CMR,461,0,2015 Frame,C
Fireshrieker,CMR,462,0,2015 Frame,U
Haunted Cloak,CMR,463,0,2015 Frame,C
Hero's Blade,CMR,464,0,2015 Frame,U
Loxodon Warhammer,CMR,465,0,2015 Frame,U
Mask of Avacyn,CMR,466,0,2015 Frame,U
Ring of Thune,CMR,468,0,2015 Frame,U
Ring of Valkas,CMR,469,0,2015 Frame,U
Sol Ring,CMR,472,0,2015 Frame,M
Sunforger,CMR,473,0,2015 Frame,R
Swiftfoot Boots,CMR,474,0,2015 Frame,U
Sword of Vengeance,CMR,475,0,2015 Frame,R
Timber Gorge,GS1,38,0,2015 Frame,C
Azorius Chancery,KHC,106,0,2015 Frame,U
Sejiri Refuge,KHC,118,0,2015 Frame,U
Tranquil Cove,KHC,119,0,2015 Frame,C
Krosan Verge,ZNC,134,0,2015 Frame,U
Selesnya Sanctuary,ZNC,140,0,2015 Frame,U
Desert of the Fervent,HOU,170,0,2015 Frame,C
Desert of the Fervent,HOU,170,0,2015 Frame,C
Desert of the True,HOU,174,0,2015 Frame,C
Dunes of the Dead,HOU,175,0,2015 Frame,U
Hashep Oasis,HOU,177,0,2015 Frame,U
Survivors' Encampment,HOU,184,0,2015 Frame,C
Azorius Chancery,AFC,224,0,2015 Frame,U
Glacial Fortress,M12,225,0,Modern Frame,R
Seraph Sanctuary,AVR,228,0,2015 Frame,C
Blossoming Sands,KTK,231,0,2015 Frame,C
Cradle of the Accursed,AKH,241,0,2015 Frame,C
Evolving Wilds,C19,241,0,2015 Frame,C
Evolving Wilds,AKH,242,0,2015 Frame,C
Scoured Barrens,KTK,242,0,2015 Frame,C
Gruul Turf,AFC,243,0,2015 Frame,U
Rugged Highlands,EMA,243,0,2015 Frame,C
Blossoming Sands,M21,244,1,2015 Frame,C
Painted Bluffs,AKH,246,0,2015 Frame,C
Temple of Enlightenment,THB,246,0,2015 Frame,R
Botanical Plaza,SNC,247,0,2015 Frame,C
Cabaretti Courtyard,SNC,249,0,2015 Frame,C
Graypelt Refuge,C19,249,0,2015 Frame,U
Graypelt Refuge,C19,249,0,2015 Frame,U
Sunscorched Desert,AKH,249,0,2015 Frame,C
Axgard Armory,KHM,250,0,2015 Frame,U
Razortide Bridge,MH2,252,0,2015 Frame,C
Evolving Wilds,AFR,256,0,2015 Frame,C
Izzet Boilerworks,C18,256,0,2015 Frame,C
Skybridge Towers,SNC,256,0,2015 Frame,C
Skybridge Towers,SNC,256,0,2015 Frame,C
Skybridge Towers,SNC,256,0,2015 Frame,C
Skybridge Towers,SNC,256,0,2015 Frame,C
Rakdos Carnarium,AFC,257,0,2015 Frame,C
Tramway Station,SNC,258,0,2015 Frame,C
Kabira Crossroads,ZEN,259,0,Modern Frame,C
Waterfront District,SNC,259,0,2015 Frame,C
Canopy Vista,C20,261,0,2015 Frame,M
Naya Panorama,C19,263,0,2015 Frame,C
Bloodfell Caves,NEO,264,1,2015 Frame,C
Blossoming Sands,NEO,265,0,2015 Frame,C
Prairie Stream,C20,265,0,2015 Frame,R
Dismal Backwater,NEO,267,0,2015 Frame,C
Jungle Hollow,NEO,269,0,2015 Frame,C
Rugged Highlands,NEO,273,1,2015 Frame,C
Scoured Barrens,NEO,274,0,2015 Frame,C
Swiftwater Cliffs,NEO,277,0,2015 Frame,C
Swiftwater Cliffs,NEO,277,0,2015 Frame,C
Thornwood Falls,NEO,279,0,2015 Frame,C
Tranquil Cove,NEO,280,0,2015 Frame,C
Boros Garrison,C21,282,0,2015 Frame,U
Wind-Scarred Crag,NEO,282,0,2015 Frame,C
Golgari Rot Farm,C21,291,0,2015 Frame,C
Simic Growth Chamber,C21,317,0,2015 Frame,U
Command Tower,CMR,350,0,2015 Frame,U
Temple of Plenty,THB,351,0,2015 Frame,R
Racers' Ring,SNC,352,0,Showcase,C
Path of Ancestry,CMR,353,0,2015 Frame,C
Terramorphic Expanse,CMR,357,0,2015 Frame,C
Evolving Wilds,CMR,482,0,2015 Frame,C
Myriad Landscape,CMR,487,0,2015 Frame,U
Rogue's Passage,CMR,489,0,2015 Frame,U
Command Tower,CMR,705,0,2015 Frame,U
Exotic Orchard,,,0,2015 Frame,R
Gruul Guildgate,,,0,2015 Frame,C
Jungle Shrine,,,0,2015 Frame,U
Kazandu Refuge,,,0,2015 Frame,U
"Lathiel, the Bounteous Dawn",CMR,605,1,Showcase,R
Ethereal Armor,Q06,2,0,2015 Frame,C
Ethereal Armor,Q06,2,0,2015 Frame,C
Ethereal Armor,Q06,2,0,2015 Frame,C
Ethereal Armor,Q06,2,0,2015 Frame,C
Battlefield Promotion,WAR,5,0,2015 Frame,C
Battlefield Promotion,WAR,5,0,2015 Frame,C
Battlefield Promotion,WAR,5,0,2015 Frame,C
Battlefield Promotion,WAR,5,0,2015 Frame,C
Blessed Defiance,MID,5,0,2015 Frame,C
Blessed Defiance,MID,5,0,2015 Frame,C
Blessed Defiance,MID,5,0,2015 Frame,C
Blessed Defiance,MID,5,0,2015 Frame,C
Cartouche of Solidarity,AKH,7,0,2015 Frame,C
Cartouche of Solidarity,AKH,7,0,2015 Frame,C
Cartouche of Solidarity,AKH,7,0,2015 Frame,C
Cartouche of Solidarity,AKH,7,0,2015 Frame,C
Ephemerate,MH1,7,0,2015 Frame,C
Ephemerate,MH1,7,0,2015 Frame,C
Ephemerate,MH1,7,0,2015 Frame,C
Ephemerate,MH1,7,0,2015 Frame,C
Break Ties,MH2,8,1,2015 Frame,C
Charmed Stray,WAR,8,0,2015 Frame,C
Charmed Stray,WAR,8,0,2015 Frame,C
Charmed Stray,WAR,8,0,2015 Frame,C
Charmed Stray,WAR,8,0,2015 Frame,C
Daybreak Chimera,THB,10,0,2015 Frame,C
Daybreak Chimera,THB,10,0,2015 Frame,C
Daybreak Chimera,THB,10,0,2015 Frame,C
Daybreak Chimera,THB,10,0,2015 Frame,C
Benevolent Blessing,CMR,13,0,2015 Frame,C
Benevolent Blessing,CMR,13,0,2015 Frame,C
Benevolent Blessing,CMR,13,0,2015 Frame,C
Benevolent Blessing,CMR,13,0,2015 Frame,C
Benevolent Blessing,CMR,13,0,2015 Frame,C
Fierce Retribution,VOW,13,0,2015 Frame,C
Daybreak Charger,M21,14,0,2015 Frame,C
Daybreak Charger,M21,14,0,2015 Frame,C
Daybreak Charger,M21,14,0,2015 Frame,C
Daybreak Charger,M21,14,0,2015 Frame,C
Fencing Ace,2XM,15,0,2015 Frame,C
Fencing Ace,2XM,15,0,2015 Frame,C
Fencing Ace,2XM,15,0,2015 Frame,C
Fencing Ace,2XM,15,0,2015 Frame,C
Prowling Caracal,RNA,17,0,2015 Frame,C
Prowling Caracal,RNA,17,0,2015 Frame,C
Prowling Caracal,RNA,17,0,2015 Frame,C
Prowling Caracal,RNA,17,0,2015 Frame,C
Doomed Traveler,CMR,19,0,2015 Frame,C
Late to Dinner,MH2,19,0,2015 Frame,C
Late to Dinner,MH2,19,0,2015 Frame,C
Late to Dinner,MH2,19,0,2015 Frame,C
Late to Dinner,MH2,19,0,2015 Frame,C
Hyena Umbra,UMA,21,0,2015 Frame,C
Maned Serval,IKO,23,0,2015 Frame,C
Maned Serval,IKO,23,0,2015 Frame,C
Maned Serval,IKO,23,0,2015 Frame,C
Maned Serval,IKO,23,0,2015 Frame,C
Sacred Cat,AKH,27,0,2015 Frame,C
Sacred Cat,AKH,27,0,2015 Frame,C
Sacred Cat,AKH,27,0,2015 Frame,C
Sacred Cat,AKH,27,0,2015 Frame,C
Leonin of the Lost Pride,THB,28,0,2015 Frame,C
Leonin of the Lost Pride,THB,28,0,2015 Frame,C
Savai Sabertooth,IKO,29,0,2015 Frame,C
Savai Sabertooth,IKO,29,0,2015 Frame,C
Savai Sabertooth,IKO,29,0,2015 Frame,C
Savai Sabertooth,IKO,29,0,2015 Frame,C
Star Pupil,STX,30,0,2015 Frame,C
Star Pupil,STX,30,0,2015 Frame,C
Star Pupil,STX,30,0,2015 Frame,C
Star Pupil,STX,30,0,2015 Frame,C
Angelic Gift,AFC,64,0,2015 Frame,C
Angelic Gift,AFC,64,0,2015 Frame,C
Angelic Gift,AFC,64,0,2015 Frame,C
Angelic Gift,AFC,64,0,2015 Frame,C
Angelic Gift,AFC,64,0,2015 Frame,C
Ainok Bond-Kin,MIC,78,0,2015 Frame,C
Ainok Bond-Kin,MIC,78,0,2015 Frame,C
Ainok Bond-Kin,MIC,78,0,2015 Frame,C
Ainok Bond-Kin,MIC,78,0,2015 Frame,C
Pacifism,JMP,125,0,2015 Frame,C
Pacifism,JMP,125,0,2015 Frame,C
Pacifism,JMP,125,0,2015 Frame,C
Pacifism,JMP,125,0,2015 Frame,C
Seal of Cleansing,MH2,264,0,2015 Frame,C
Seal of Cleansing,MH2,264,0,2015 Frame,C
Seal of Cleansing,MH2,264,0,2015 Frame,C
Seal of Cleansing,MH2,264,0,2015 Frame,C
Slither Blade,ZNC,36,0,2015 Frame,C
Slither Blade,ZNC,36,0,2015 Frame,C
Slither Blade,ZNC,36,0,2015 Frame,C
Slither Blade,ZNC,36,0,2015 Frame,C
Burrog Befuddler,STX,38,0,2015 Frame,C
Burrog Befuddler,STX,38,0,2015 Frame,C
Burrog Befuddler,STX,38,0,2015 Frame,C
Burrog Befuddler,STX,38,0,2015 Frame,C
Sea Gate Oracle,KHC,43,0,2015 Frame,C
Sea Gate Oracle,KHC,43,0,2015 Frame,C
Sea Gate Oracle,KHC,43,0,2015 Frame,C
Sea Gate Oracle,KHC,43,0,2015 Frame,C
Sea Gate Oracle,KHC,43,0,2015 Frame,C
Anticipate,M19,44,0,2015 Frame,C
Anticipate,M19,44,0,2015 Frame,C
Anticipate,M19,44,0,2015 Frame,C
Anticipate,M19,44,0,2015 Frame,C
Cancel,M21,46,0,2015 Frame,C
Cancel,M21,46,0,2015 Frame,C
Cancel,AKH,46,0,2015 Frame,C
Chain to Memory,THB,46,0,2015 Frame,C
Chain to Memory,THB,46,0,2015 Frame,C
Defy Gravity,UMA,48,1,2015 Frame,C
Defy Gravity,UMA,48,1,2015 Frame,C
Essence Scatter,IKO,49,0,2015 Frame,C
Essence Scatter,IKO,49,0,2015 Frame,C
Essence Scatter,IKO,49,0,2015 Frame,C
Essence Scatter,IKO,49,0,2015 Frame,C
Lose Focus,MH2,49,0,2015 Frame,C
Lose Focus,MH2,49,0,2015 Frame,C
Lose Focus,MH2,49,0,2015 Frame,C
Lose Focus,MH2,49,0,2015 Frame,C
Man-o'-War,MH1,55,0,2015 Frame,C
Man-o'-War,MH1,55,0,2015 Frame,C
Man-o'-War,MH1,55,0,2015 Frame,C
Man-o'-War,MH1,55,0,2015 Frame,C
Keep Safe,IKO,56,0,2015 Frame,C
Keep Safe,IKO,56,0,2015 Frame,C
Keep Safe,IKO,56,0,2015 Frame,C
Keep Safe,IKO,56,0,2015 Frame,C
Opt,M21,59,0,2015 Frame,C
Opt,M21,59,0,2015 Frame,C
Opt,M21,59,0,2015 Frame,C
Opt,XLN,65,0,2015 Frame,C
Mnemonic Wall,IMA,67,0,2015 Frame,C
Mnemonic Wall,IMA,67,0,2015 Frame,C
Negate,M20,69,0,2015 Frame,C
Negate,M20,69,0,2015 Frame,C
Negate,M20,69,0,2015 Frame,C
Negate,M20,69,0,2015 Frame,C
Negate,M20,69,0,2015 Frame,C
Infiltrator il-Kor,TSR,71,0,2015 Frame,C
Infiltrator il-Kor,TSR,71,0,2015 Frame,C
Infiltrator il-Kor,TSR,71,0,2015 Frame,C
Infiltrator il-Kor,TSR,71,0,2015 Frame,C
Shocking Grasp,AFR,72,0,2015 Frame,C
Shocking Grasp,AFR,72,0,2015 Frame,C
Shocking Grasp,AFR,72,0,2015 Frame,C
Shocking Grasp,AFR,72,0,2015 Frame,C
Looter il-Kor,TSR,74,0,2015 Frame,C
Looter il-Kor,TSR,74,0,2015 Frame,C
Looter il-Kor,TSR,74,0,2015 Frame,C
Looter il-Kor,TSR,74,0,2015 Frame,C
Unsummon,M20,78,0,2015 Frame,C
Unsummon,M20,78,0,2015 Frame,C
Unsummon,M20,78,0,2015 Frame,C
Unsummon,M20,78,0,2015 Frame,C
Spell Pierce,NEO,80,0,2015 Frame,C
Spell Pierce,NEO,80,0,2015 Frame,C
Wall of Runes,M21,85,0,2015 Frame,C
Wall of Runes,M21,85,0,2015 Frame,C
Wall of Runes,M21,85,0,2015 Frame,C
Wall of Runes,M21,85,0,2015 Frame,C
Augury Owl,MB1,293,0,2015 Frame,C
Augury Owl,MB1,293,0,2015 Frame,C
Falkenrath Noble,MM3,70,0,2015 Frame,C
Falkenrath Noble,MM3,70,0,2015 Frame,C
Falkenrath Noble,MM3,70,0,2015 Frame,C
Falkenrath Noble,MM3,70,0,2015 Frame,C
Bone Shards,MH2,76,0,2015 Frame,C
Bone Shards,MH2,76,0,2015 Frame,C
Bone Shards,MH2,76,0,2015 Frame,C
Bone Shards,MH2,76,0,2015 Frame,C
Dig Up the Body,SNC,76,0,2015 Frame,C
Dig Up the Body,SNC,76,0,2015 Frame,C
Banehound,WAR,77,0,2015 Frame,C
Banehound,WAR,77,0,2015 Frame,C
Bone Picker,2XM,78,0,2015 Frame,C
Bone Picker,2XM,78,0,2015 Frame,C
Bone Picker,2XM,78,0,2015 Frame,C
Bone Picker,2XM,78,0,2015 Frame,C
Cabal Initiate,MH2,78,0,2015 Frame,C
Cabal Initiate,MH2,78,0,2015 Frame,C
Cast Down,2XM,79,1,2015 Frame,C
Cast Down,2XM,79,1,2015 Frame,C
Cast Down,2XM,79,1,2015 Frame,C
Cast Down,2XM,79,1,2015 Frame,C
Fake Your Own Death,SNC,79,0,2015 Frame,C
Fake Your Own Death,SNC,79,0,2015 Frame,C
Fake Your Own Death,SNC,79,0,2015 Frame,C
Fake Your Own Death,SNC,79,1,2015 Frame,C
Corpse Churn,IKO,81,0,2015 Frame,C
Corpse Churn,IKO,81,0,2015 Frame,C
Corpse Churn,IKO,81,0,2015 Frame,C
Corpse Churn,IKO,81,0,2015 Frame,C
Divest,DOM,87,0,2015 Frame,C
Divest,DOM,87,0,2015 Frame,C
Divest,DOM,87,0,2015 Frame,C
Divest,DOM,87,0,2015 Frame,C
Discordant Piper,THB,88,0,2015 Frame,C
Discordant Piper,THB,88,0,2015 Frame,C
Discordant Piper,THB,88,0,2015 Frame,C
Discordant Piper,THB,88,0,2015 Frame,C
Hell Mongrel,MH2,88,0,2015 Frame,C
Hell Mongrel,MH2,88,0,2015 Frame,C
Hell Mongrel,MH2,88,0,2015 Frame,C
Hell Mongrel,MH2,88,0,2015 Frame,C
Butcher Ghoul,AVR,89,0,Modern Frame,C
Butcher Ghoul,AVR,89,0,Modern Frame,C
Butcher Ghoul,AVR,89,0,Modern Frame,C
Butcher Ghoul,AVR,89,0,Modern Frame,C
Kitchen Imp,MH2,89,0,2015 Frame,C
Kitchen Imp,MH2,89,0,2015 Frame,C
Kitchen Imp,MH2,89,0,2015 Frame,C
Kitchen Imp,MH2,89,0,2015 Frame,C
Duress,M20,97,0,Modern Frame,C
Duress,M20,97,0,Modern Frame,C
Duress,M20,97,0,Modern Frame,C
Duress,M20,97,0,Modern Frame,C
Ransack the Lab,MH1,103,0,Modern Frame,C
Ransack the Lab,MH1,103,0,Modern Frame,C
Ransack the Lab,MH1,103,0,Modern Frame,C
Ransack the Lab,MH1,103,0,Modern Frame,C
Doomed Dissenter,VOW,106,0,Modern Frame,C
Doomed Dissenter,VOW,106,0,Modern Frame,C
Doomed Dissenter,VOW,106,0,Modern Frame,C
Doomed Dissenter,VOW,106,0,Modern Frame,C
Vermin Gorger,MH2,107,0,Modern Frame,C
Vermin Gorger,MH2,107,0,Modern Frame,C
Vermin Gorger,MH2,107,0,Modern Frame,C
Vermin Gorger,MH2,107,0,Modern Frame,C
Unearth,MH1,113,0,Modern Frame,C
Unearth,MH1,113,0,Modern Frame,C
Unearth,MH1,113,0,Modern Frame,C
Unearth,MH1,113,0,Modern Frame,C
Village Rites,KHM,117,0,Modern Frame,C
Village Rites,KHM,117,0,Modern Frame,C
Village Rites,KHM,117,0,Modern Frame,C
Village Rites,KHM,117,0,Modern Frame,C
Persistent Specimen,VOW,125,0,Modern Frame,C
Persistent Specimen,VOW,125,0,Modern Frame,C
Persistent Specimen,VOW,125,0,Modern Frame,C
Persistent Specimen,VOW,125,0,Modern Frame,C
Fleshbag Marauder,CMR,128,0,Modern Frame,C
Fleshbag Marauder,CMR,128,0,Modern Frame,C
Fleshbag Marauder,CMR,128,0,Modern Frame,C
Fleshbag Marauder,CMR,128,0,Modern Frame,C
Supernatural Stamina,CMR,151,0,Modern Frame,C
Supernatural Stamina,CMR,151,0,Modern Frame,C
Supernatural Stamina,CMR,151,0,Modern Frame,C
Sudden Breakthrough,STX,116,0,Modern Frame,C
Sudden Breakthrough,STX,116,0,Modern Frame,C
Sudden Breakthrough,STX,116,0,Modern Frame,C
Sudden Breakthrough,STX,116,0,Modern Frame,C
Fists of Flame,MH1,123,0,Modern Frame,C
Fists of Flame,MH1,123,0,Modern Frame,C
Fists of Flame,MH1,123,0,Modern Frame,C
Fists of Flame,MH1,123,0,Modern Frame,C
Distemper of the Blood,EMN,126,0,Modern Frame,C
Distemper of the Blood,EMN,126,0,2015 Frame,C
Distemper of the Blood,EMN,126,0,2015 Frame,C
Gargadon,MH2,128,0,2015 Frame,C
Gargadon,MH2,128,0,2015 Frame,C
Gargadon,MH2,128,0,2015 Frame,C
Gargadon,MH2,128,0,2015 Frame,C
Crash Through,M19,133,0,2015 Frame,C
Crash Through,M19,133,0,2015 Frame,C
Crash Through,M19,133,0,2015 Frame,C
Crash Through,M19,133,0,2015 Frame,C
Lava Dart,MH1,134,0,2015 Frame,C
Lava Dart,MH1,134,0,2015 Frame,C
Lava Dart,MH1,134,0,2015 Frame,C
Lava Dart,MH1,134,0,2015 Frame,C
Kiln Fiend,IMA,137,0,2015 Frame,C
Kiln Fiend,IMA,137,0,2015 Frame,C
Kiln Fiend,IMA,137,0,2015 Frame,C
Kiln Fiend,IMA,137,0,2015 Frame,C
Kird Ape,EMA,137,0,2015 Frame,C
Kird Ape,EMA,137,0,2015 Frame,C
Kird Ape,EMA,137,0,2015 Frame,C
Kird Ape,EMA,137,0,2015 Frame,C
Spelleater Wolverine,IKO,137,0,2015 Frame,C
Spelleater Wolverine,IKO,137,0,2015 Frame,C
Spelleater Wolverine,IKO,137,0,2015 Frame,C
Spelleater Wolverine,IKO,137,0,2015 Frame,C
Skophos Reaver,MH2,140,0,2015 Frame,C
Skophos Reaver,MH2,140,0,2015 Frame,C
Skophos Reaver,MH2,140,0,2015 Frame,C
Skophos Reaver,MH2,140,0,2015 Frame,C
Ancestral Anger,VOW,142,0,2015 Frame,C
Ancestral Anger,VOW,142,0,2015 Frame,C
Ancestral Anger,VOW,142,0,2015 Frame,C
Ancestral Anger,VOW,142,0,2015 Frame,C
Reckless Charge,MH1,144,0,2015 Frame,C
Reckless Charge,MH1,144,0,2015 Frame,C
Reckless Charge,MH1,144,0,2015 Frame,C
Reckless Charge,MH1,144,0,2015 Frame,C
Viashino Lashclaw,MH2,146,0,2015 Frame,C
Viashino Lashclaw,MH2,146,0,2015 Frame,C
Viashino Lashclaw,MH2,146,0,2015 Frame,C
Viashino Lashclaw,MH2,146,0,2015 Frame,C
Lightning Strike,XLN,149,0,2015 Frame,C
Lightning Strike,XLN,149,0,2015 Frame,C
Lightning Strike,XLN,149,0,2015 Frame,C
Lightning Strike,XLN,149,0,2015 Frame,C
Faithless Looting,C15,153,0,2015 Frame,C
Faithless Looting,C15,153,0,2015 Frame,C
Faithless Looting,C15,153,0,2015 Frame,C
Faithless Looting,C15,153,0,2015 Frame,C
Fiery Temper,SOI,156,0,2015 Frame,C
Fiery Temper,SOI,156,0,2015 Frame,C
Fiery Temper,SOI,156,0,2015 Frame,C
Fiery Temper,SOI,156,0,2015 Frame,C
Brute Force,TSR,157,0,2015 Frame,C
Brute Force,TSR,157,0,2015 Frame,C
Shock,M21,159,0,2015 Frame,C
Shock,M21,159,0,2015 Frame,C
Kessig Flamebreather,VOW,164,0,2015 Frame,C
Kessig Flamebreather,VOW,164,0,2015 Frame,C
Kessig Flamebreather,VOW,164,0,2015 Frame,C
Kessig Flamebreather,VOW,164,0,2015 Frame,C
Thermo-Alchemist,MID,164,0,2015 Frame,C
Thermo-Alchemist,MID,164,0,2015 Frame,C
Thermo-Alchemist,MID,164,0,2015 Frame,C
Thermo-Alchemist,MID,164,0,2015 Frame,C
Crimson Fleet Commodore,CMR,171,1,2015 Frame,C
Crimson Fleet Commodore,CMR,171,1,2015 Frame,C
Voldaren Epicure,VOW,182,0,2015 Frame,C
Voldaren Epicure,VOW,182,0,2015 Frame,C
Voldaren Epicure,VOW,182,0,2015 Frame,C
Voldaren Epicure,VOW,182,0,2015 Frame,C
Voldaren Epicure,VOW,182,0,Showcase,C
Renegade Tactics,CMR,195,0,2015 Frame,C
Renegade Tactics,CMR,195,0,2015 Frame,C
Renegade Tactics,CMR,195,0,2015 Frame,C
Renegade Tactics,CMR,195,0,2015 Frame,C
Flame Rift,MH2,278,0,2015 Frame,C
Flame Rift,MH2,278,0,2015 Frame,C
Lightning Bolt,JMP,342,0,2015 Frame,U
Lightning Bolt,JMP,342,0,2015 Frame,U
Lightning Bolt,JMP,342,0,2015 Frame,U
Lightning Bolt,JMP,342,0,2015 Frame,U
Magma Jet,JMP,346,0,2015 Frame,C
Magma Jet,JMP,346,0,2015 Frame,C
Temur Battle Rage,CMR,417,0,2015 Frame,C
Big Play,STX,122,0,2015 Frame,C
Big Play,STX,122,0,2015 Frame,C
Big Play,STX,122,0,2015 Frame,C
Big Play,STX,122,0,2015 Frame,C
Snake Umbra,NEC,130,0,2015 Frame,C
Snake Umbra,NEC,130,0,2015 Frame,C
Snake Umbra,NEC,130,0,2015 Frame,C
Snake Umbra,NEC,130,0,2015 Frame,C
Adventurous Impulse,IKO,142,0,2015 Frame,C
Adventurous Impulse,IKO,142,0,2015 Frame,C
Adventurous Impulse,IKO,142,0,2015 Frame,C
Adventurous Impulse,IKO,142,0,2015 Frame,C
Abundant Harvest,MH2,147,0,2015 Frame,C
Abundant Harvest,MH2,147,0,2015 Frame,C
Abundant Harvest,MH2,147,0,2015 Frame,C
Abundant Harvest,MH2,147,0,2015 Frame,C
Bannerhide Krushok,MH2,149,0,2015 Frame,C
Bannerhide Krushok,MH2,149,0,2015 Frame,C
Bannerhide Krushok,MH2,149,0,2015 Frame,C
Bannerhide Krushok,MH2,149,0,2015 Frame,C
Ancient Stirrings,2XM,151,0,2015 Frame,C
Ancient Stirrings,2XM,151,0,2015 Frame,C
Ancient Stirrings,2XM,151,0,2015 Frame,C
Ancient Stirrings,2XM,151,0,2015 Frame,C
Duskshell Crawler,MH2,156,0,2015 Frame,C
Duskshell Crawler,MH2,156,0,2015 Frame,C
Duskshell Crawler,MH2,156,0,2015 Frame,C
Duskshell Crawler,MH2,156,0,2015 Frame,C
Greater Sandwurm,IKO,157,0,2015 Frame,C
Greater Sandwurm,IKO,157,0,2015 Frame,C
Greater Sandwurm,IKO,157,0,2015 Frame,C
Greater Sandwurm,IKO,157,0,2015 Frame,C
Arbor Elf,A25,160,0,2015 Frame,C
Arbor Elf,A25,160,0,2015 Frame,C
Arbor Elf,A25,160,0,2015 Frame,C
Arbor Elf,A25,160,0,2015 Frame,C
Giant Growth,WAR,162,0,2015 Frame,C
Giant Growth,WAR,162,0,2015 Frame,C
Giant Growth,WAR,162,0,2015 Frame,C
Giant Growth,WAR,162,0,2015 Frame,C
Jade Avenger,MH2,167,0,2015 Frame,C
Jade Avenger,MH2,167,0,2015 Frame,C
Jade Avenger,MH2,167,0,2015 Frame,C
Jade Avenger,MH2,167,0,2015 Frame,C
Haze of Pollen,AKH,171,0,2015 Frame,C
Haze of Pollen,AKH,171,0,2015 Frame,C
Haze of Pollen,AKH,171,0,2015 Frame,C
Murasa Behemoth,MH1,172,0,2015 Frame,C
Murasa Behemoth,MH1,172,0,2015 Frame,C
Murasa Behemoth,MH1,172,0,2015 Frame,C
Murasa Behemoth,MH1,172,0,2015 Frame,C
Return to Nature,ELD,173,0,2015 Frame,C
Return to Nature,ELD,173,0,2015 Frame,C
Return to Nature,ELD,173,0,2015 Frame,C
Return to Nature,ELD,173,0,2015 Frame,C
Smell Fear,MH2,173,0,2015 Frame,C
Smell Fear,MH2,173,0,2015 Frame,C
Smell Fear,MH2,173,0,2015 Frame,C
Smell Fear,MH2,173,0,2015 Frame,C
Rosethorn Acolyte // Seasonal Ritual,ELD,174,0,2015 Frame,C
Rosethorn Acolyte // Seasonal Ritual,ELD,174,0,2015 Frame,C
Rosethorn Acolyte // Seasonal Ritual,ELD,174,0,2015 Frame,C
Rosethorn Acolyte // Seasonal Ritual,ELD,174,0,2015 Frame,C
Wild Growth,AFC,174,0,2015 Frame,C
Wild Growth,AFC,174,0,2015 Frame,C
Wild Growth,AFC,174,0,2015 Frame,C
Wild Growth,AFC,174,0,2015 Frame,C
Drowsing Tyrannodon,M21,178,0,2015 Frame,C
Drowsing Tyrannodon,M21,178,0,2015 Frame,C
Drowsing Tyrannodon,M21,178,0,2015 Frame,C
Drowsing Tyrannodon,M21,178,0,2015 Frame,C
Copperhorn Scout,CN2,179,0,2015 Frame,C
Copperhorn Scout,CN2,179,0,2015 Frame,C
Copperhorn Scout,CN2,179,0,2015 Frame,C
Copperhorn Scout,CN2,179,0,2015 Frame,C
Spore Frog,MH1,180,0,2015 Frame,C
Spore Frog,MH1,180,0,2015 Frame,C
Spore Frog,MH1,180,0,2015 Frame,C
Spore Frog,MH1,180,0,2015 Frame,C
Apprentice Sharpshooter,VOW,185,0,2015 Frame,C
Apprentice Sharpshooter,VOW,185,0,2015 Frame,C
Apprentice Sharpshooter,VOW,185,0,2015 Frame,C
Apprentice Sharpshooter,VOW,185,0,2015 Frame,C
Gnoll Hunter,AFR,185,0,2015 Frame,C
Gnoll Hunter,AFR,185,0,2015 Frame,C
Gnoll Hunter,AFR,185,0,2015 Frame,C
Gnoll Hunter,AFR,185,0,2015 Frame,C
Weather the Storm,MH1,191,0,2015 Frame,C
Weather the Storm,MH1,191,0,2015 Frame,C
Weather the Storm,MH1,191,0,2015 Frame,C
Weather the Storm,MH1,191,0,2015 Frame,C
Snakeskin Veil,KHM,194,0,2015 Frame,U
Snakeskin Veil,KHM,194,0,2015 Frame,C
Snakeskin Veil,KHM,194,0,2015 Frame,C
Snakeskin Veil,KHM,194,0,2015 Frame,C
Return to Nature,MID,195,0,2015 Frame,C
Return to Nature,MID,195,0,2015 Frame,C
Return to Nature,MID,195,1,2015 Frame,C
Owlbear,AFR,198,0,2015 Frame,C
Owlbear,AFR,198,0,2015 Frame,C
Owlbear,AFR,198,1,2015 Frame,C
Owlbear,AFR,198,1,2015 Frame,C
Plummet,AFR,199,0,2015 Frame,C
Plummet,AFR,199,0,2015 Frame,C
Plummet,AFR,199,0,2015 Frame,C
Plummet,AFR,199,0,2015 Frame,C
Tamiyo's Safekeeping,NEO,211,0,2015 Frame,C
Tamiyo's Safekeeping,NEO,211,0,2015 Frame,C
Tamiyo's Safekeeping,NEO,211,0,2015 Frame,C
Wildwood Patrol,M21,339,0,2015 Frame,C
Wildwood Patrol,M21,339,0,2015 Frame,C
Wildwood Patrol,M21,339,0,2015 Frame,C
Wildwood Patrol,M21,339,0,2015 Frame,C
Feed the Clan,MB1,1207,0,2015 Frame,C
Feed the Clan,MB1,1207,0,2015 Frame,C
Feed the Clan,MB1,1207,0,2015 Frame,C
Feed the Clan,MB1,1207,0,2015 Frame,C
Fog,MB1,1213,0,2015 Frame,C
Fog,MB1,1213,0,2015 Frame,C
Fog,MB1,1213,0,2015 Frame,C
Fog,MB1,1213,0,2015 Frame,C
Breathless Knight,MH2,187,0,2015 Frame,C
Breathless Knight,MH2,187,0,2015 Frame,C
Breathless Knight,MH2,187,0,2015 Frame,C
Breathless Knight,MH2,187,0,2015 Frame,C
Fire // Ice,UMA,225,0,2015 Frame,C
Fire // Ice,UMA,225,0,2015 Frame,C
Fire // Ice,MH2,290,0,2015 Frame,R
Fire // Ice,MH2,290,0,2015 Frame,R
Crashing Drawbridge,ELD,217,0,2015 Frame,C
Crashing Drawbridge,ELD,217,0,2015 Frame,C
Crashing Drawbridge,ELD,217,0,2015 Frame,C
Crashing Drawbridge,ELD,217,0,2015 Frame,C
Pardic Wanderer,DOM,226,0,2015 Frame,C
Pardic Wanderer,DOM,226,0,2015 Frame,C
Pardic Wanderer,DOM,226,0,2015 Frame,C
Pardic Wanderer,DOM,226,0,2015 Frame,C
Voltaic Servant,DOM,236,0,2015 Frame,C
Voltaic Servant,DOM,236,0,2015 Frame,C
Voltaic Servant,DOM,236,0,2015 Frame,C
Voltaic Servant,DOM,236,0,2015 Frame,C
Prismatic Lens,TSP,262,0,Modern Frame,C
Prismatic Lens,TSP,262,0,Modern Frame,C
Prismatic Lens,TSP,262,0,Modern Frame,C
Prismatic Lens,TSP,262,0,Modern Frame,C
Maelstrom Colossus,CMR,322,0,2015 Frame,C
Maelstrom Colossus,CMR,322,0,2015 Frame,C
Maelstrom Colossus,CMR,322,0,2015 Frame,C
Maelstrom Colossus,CMR,322,0,2015 Frame,C
Staunch Throneguard,CMR,344,0,Modern Frame,C
Staunch Throneguard,CMR,344,0,Modern Frame,C
Staunch Throneguard,CMR,344,0,Modern Frame,C
Staunch Throneguard,CMR,344,0,Modern Frame,C
Bloodfell Caves,M21,243,1,2015 Frame,C
Bloodfell Caves,M21,243,1,2015 Frame,C
Bloodfell Caves,M21,243,1,2015 Frame,C
Bloodfell Caves,M21,243,1,2015 Frame,C
Blossoming Sands,M20,243,0,2015 Frame,C
Blossoming Sands,M20,243,0,2015 Frame,C
Blossoming Sands,M20,243,0,2015 Frame,C
Blossoming Sands,M20,243,0,2015 Frame,C
Mortuary Mire,AFC,249,0,2015 Frame,C
Mortuary Mire,AFC,249,0,2015 Frame,C
Mortuary Mire,AFC,249,0,2015 Frame,C
Swiftwater Cliffs,C19,279,0,2015 Frame,C
Swiftwater Cliffs,C19,279,0,2015 Frame,C
Swiftwater Cliffs,C19,279,0,2015 Frame,C
Swiftwater Cliffs,C19,279,0,2015 Frame,C
Forgotten Cave,C21,289,0,2015 Frame,C
Forgotten Cave,C21,289,0,2015 Frame,C
Radiant Fountain,C21,310,0,2015 Frame,C
Radiant Fountain,C21,310,0,2015 Frame,C
Urza's Power Plant,9ED,328,0,Modern Frame,C
Urza's Power Plant,9ED,328,0,Modern Frame,C
Urza's Mine,2XM,329,0,2015 Frame,C
Urza's Mine,2XM,329,0,2015 Frame,C
Urza's Mine,2XM,329,0,2015 Frame,C
Urza's Mine,2XM,329,0,2015 Frame,C
Urza's Tower,9ED,329,0,Modern Frame,C
Urza's Power Plant,2XM,330,0,2015 Frame,C
Urza's Power Plant,2XM,330,0,2015 Frame,C
Urza's Tower,8ED,330,0,Modern Frame,C
Urza's Tower,2XM,331,0,2015 Frame,C
Urza's Tower,2XM,331,0,2015 Frame,C
Plains,THB,250,0,Showcase,C
Island,THB,251,0,Showcase,C
Island,ZNR,269,0,Full Art,C
Island,ZNR,271,0,Full Art,C
Plains,MID,268,0,Showcase,C
Plains,MID,268,0,Showcase,C
Plains,MID,269,0,Showcase,C
Plains,MID,269,0,Showcase,C
Plains,MID,269,0,Showcase,C
Plains,MID,269,0,Showcase,C
Island,MID,270,0,Showcase,C
Island,MID,270,0,Showcase,C
Island,MID,270,0,Showcase,C
Island,MID,270,1,Showcase,C
Island,MID,271,0,Showcase,C
Island,MID,271,0,Showcase,C
Island,MID,271,1,Showcase,C
Swamp,MID,272,0,Showcase,C
Swamp,MID,272,0,Showcase,C
Swamp,VOW,272,0,Showcase,C
Swamp,MID,272,1,Showcase,C
Swamp,VOW,272,1,Showcase,C
Swamp,MID,273,0,Showcase,C
Swamp,MID,273,0,Showcase,C
Mountain,MID,274,0,Showcase,C
Mountain,MID,274,0,Showcase,C
Mountain,MID,274,0,Showcase,C
Mountain,MID,274,1,Showcase,C
Mountain,MID,275,0,Showcase,C
Mountain,MID,275,0,Showcase,C
Mountain,MID,275,0,Showcase,C
Mountain,MID,275,1,Showcase,C
Forest,MID,276,0,Showcase,C
Forest,MID,276,0,Showcase,C
Forest,MID,277,0,Showcase,C
Forest,MID,277,0,Showcase,C
Swamp,NEO,297,0,Showcase,C
Swamp,NEO,298,0,Showcase,C
Forest,NEO,301,0,Showcase,C
Plea for Guidance,BNG,24,0,Modern Frame,R
Khorvath's Fury,BBD,59,0,2015 Frame,R
Karmic Guide,VOC,90,0,2015 Frame,R
Reveillark,C20,97,0,2015 Frame,R
Skyship Weatherlight,PLS,133,0,Legacy Frame,R
Chameleon Colossus,AFC,153,0,2015 Frame,R
Faeburrow Elder,ELD,190,0,2015 Frame,R
Tooth and Claw,TMP,210,0,Modern Frame,R
Rukh Egg,8ED,216,0,Modern Frame,R
Solar Blaze,WAR,216,0,2015 Frame,R
Altar of Dementia,,,0,2015 Frame,R
Avian Changeling,LRW,4,0,Modern Frame,C
Changeling Hero,FMB1,4,1,Modern Frame,U
Changeling Sentinel,MOR,6,0,Modern Frame,C
Faith's Shield,DKA,7,0,Modern Frame,U
Martyr's Cause,ULG,13,0,Legacy Frame,U
Gauntlets of Light,M20,17,0,2015 Frame,U
Roc Egg,C19,73,0,2015 Frame,U
Shattered Perception,DKA,104,0,Modern Frame,U
War-Spike Changeling,MOR,112,0,Modern Frame,C
Changeling Berserker,LRW,160,0,Modern Frame,U
Fire-Belly changeling,LRW,164,0,Modern Frame,C
Gamekeeper,UDS,106,0,Legacy Frame,U
Game-Trail Changeling,MOR,123,0,Modern Frame,C
Autumn's Veil,M11,162,0,Modern Frame,U
Webweaver changeling,MH1,192,0,2015 Frame,U
Edge of Autumn,TSR,201,0,2015 Frame,C
Woodland Changeling,LRW,242,0,Modern Frame,C
Lavabelly Sliver,MH1,207,0,2015 Frame,U
Wayfarer's Bauble,DDI,63,0,Modern Frame,C
Gruul Signet,GPT,150,0,Modern Frame,R
Ring of Three Wishes,M14,216,0,Modern Frame,M
Demonmail Hauberk,ISD,221,0,2015 Frame,U
Universal Automaton,MH1,235,0,2015 Frame,C
Talisman of Impulse,MRD,254,0,Modern Frame,U
Talisman of Unity,MRD,257,0,Modern Frame,U
Selesnya Signet,CMD,258,0,Modern Frame,C
Life Chisel,LEG,283,0,Legacy Frame,U
Spawning Pit,,,0,2015 Frame,U
Talisman of Conviction,,,0,2015 Frame,U
Shivan Oasis,HOP,137,0,Modern Frame,U
Selesnya Guildgate,DGM,155,0,Modern Frame,C
Elfhame Palace,INV,322,0,Legacy Frame,U
Boros Guildgate,,,0,2015 Frame,C
Stone Quarry,,,0,2015 Frame,C
Tranquil Expanse,,,0,2015 Frame,U
Wind-Scarred Crag,,,0,2015 Frame,C
Go-Shintai of Life's Origin,NEC,37,0,2015 Frame,M
Harmonic Prodigy,MH2,132,0,2015 Frame,R
Froghemoth,AFR,184,1,2015 Frame,R
"Eruth, Tormented Prophet",VOW,237,0,Showcase,R
"Vadrik, Astral Archmage",MID,248,0,Showcase,R
Chance Encounter,MH2,277,0,2015 Frame,R
"Dennick, Pious Apprentice // Dennick, Pious Apparition",MID,317,0,Showcase,R
"Rem Karolus, Stalwart Slayer",MID,322,0,Showcase,R
"Eruth, Tormented Prophet",VOW,323,0,Showcase,R
"Torens, Fist of the Angels",VOW,328,0,Showcase,R
Discover the Impossible,NEO,50,0,2015 Frame,U
Tavern Scoundrel,MH2,144,0,2015 Frame,C
Enthralling Victor,BBD,176,0,2015 Frame,C
Field Trip,STX,131,1,2015 Frame,C
Relic Sloth,STX,223,0,2015 Frame,C
"Halana and Alena, Partners",VOW,325,0,Showcase,
Archway Commons,STX,263,1,2015 Frame,C
Tavern Ruffian // Tavern Smasher,MID,296,0,Showcase,C
Tavern Ruffian // Tavern Smasher,MID,296,0,Showcase,C
Tavern Ruffian // Tavern Smasher,MID,296,0,Showcase,C
Tavern Ruffian // Tavern Smasher,MID,296,0,Showcase,C
Tavern Ruffian // Tavern Smasher,MID,296,0,Showcase,C
Tavern Ruffian // Tavern Smasher,MID,296,0,Showcase,C
Tavern Ruffian // Tavern Smasher,MID,296,0,Showcase,C
Tavern Ruffian // Tavern Smasher,MID,296,0,Showcase,C
Tavern Ruffian // Tavern Smasher,MID,296,0,Showcase,C
Tavern Ruffian // Tavern Smasher,MID,296,0,Showcase,C
Tavern Ruffian // Tavern Smasher,MID,296,0,Showcase,C
Tavern Ruffian // Tavern Smasher,MID,296,0,Showcase,C
Tavern Ruffian // Tavern Smasher,MID,296,0,Showcase,C
Tavern Ruffian // Tavern Smasher,MID,296,0,Showcase,C
Tavern Ruffian // Tavern Smasher,MID,296,0,Showcase,C
Tavern Ruffian // Tavern Smasher,MID,296,0,Showcase,C
Tavern Ruffian // Tavern Smasher,MID,296,0,Showcase,C
Tavern Ruffian // Tavern Smasher,MID,296,0,Showcase,C
Tavern Ruffian // Tavern Smasher,MID,296,0,Showcase,C
Tavern Ruffian // Tavern Smasher,MID,296,0,Showcase,C
